Battery_ID,Cycle,Voltage_mean,Voltage_min,Voltage_max,Voltage_range,Current_mean,Current_std,Temperature_mean,Temperature_max,Temperature_rise,Cycle_number,SoH,RUL,Reached_EOL
B0005,1,3.529829,2.612467,4.191492,1.579025,-1.818702,0.593546,32.572328,38.982181,14.652147,1,92.82435,124,0
B0005,2,3.53732,2.587209,4.189773,1.602564,-1.81756,0.59518,32.725235,39.033398,14.335646,2,92.31635,123,0
B0005,3,3.543737,2.651917,4.188187,1.53627,-1.816487,0.596498,32.642862,38.818797,14.084531,3,91.76745,122,0
B0005,4,3.543666,2.592948,4.188461,1.595513,-1.825589,0.583462,32.514876,38.762305,14.108068,4,91.76315,121,0
B0005,5,3.542343,2.54742,4.188299,1.640879,-1.826114,0.583469,32.382349,38.665393,14.140596,5,91.7323,120,0
B0005,6,3.541335,2.520948,4.188816,1.667868,-1.816811,0.596702,32.434182,38.751695,14.229398,6,91.7831,119,0
B0005,7,3.541025,2.487927,4.188392,1.700465,-1.816791,0.596492,32.480416,38.820701,14.235823,7,91.7573,118,0
B0005,8,3.554133,2.665205,4.188928,1.523723,-1.844341,0.557383,32.410462,38.51713,13.803501,8,91.28785,117,0
B0005,9,3.552936,2.603858,4.189029,1.585171,-1.853973,0.542484,32.346141,38.526268,13.891056,9,91.2387,116,0
B0005,10,3.551206,2.552854,4.189223,1.636369,-1.85359,0.542335,32.276798,38.526981,13.954924,10,91.23065,115,0
B0005,11,3.549292,2.472448,4.188916,1.716468,-1.86338,0.526741,32.157094,38.541434,14.104718,11,91.231,114,0
B0005,12,3.559759,2.649564,4.189876,1.540312,-1.872969,0.511698,32.364071,38.521975,13.777646,12,90.7101,113,0
B0005,13,3.558082,2.572498,4.189287,1.616789,-1.88261,0.494282,32.318195,38.582486,13.845847,13,90.6876,112,0
B0005,14,3.555692,2.524989,4.188838,1.663849,-1.882537,0.494287,32.15709,38.520294,14.072311,14,90.672,111,0
B0005,15,3.562747,2.694622,4.18911,1.494488,-1.881794,0.495415,32.04407,38.213586,13.741467,15,90.1299,110,0
B0005,16,3.561452,2.640101,4.189212,1.549111,-1.892186,0.477016,31.931594,38.198362,13.872945,16,90.10535,109,0
B0005,17,3.560342,2.573904,4.1889,1.614996,-1.902763,0.457113,31.941655,38.319269,13.956676,17,90.129,108,0
B0005,18,3.559119,2.49424,4.18878,1.69454,-1.913347,0.435894,31.965009,38.478754,14.096334,18,90.1534,107,0
B0005,19,3.557887,2.455679,4.189273,1.733594,-1.91316,0.43619,31.966242,38.54659,14.185141,19,90.1389,106,0
B0005,20,3.552038,2.632143,4.187614,1.555471,-1.855346,0.540058,32.371433,38.447499,13.888784,20,92.3513,105,0
B0005,21,3.552567,2.502776,4.187629,1.684853,-1.8747,0.507888,32.70025,38.992276,14.070169,21,92.37085,104,0
B0005,22,3.556794,2.617508,4.187447,1.569939,-1.873827,0.509021,32.322664,38.514242,13.948276,22,91.80885,103,0
B0005,23,3.56141,2.694074,4.187344,1.49327,-1.883194,0.493049,31.987958,38.165816,13.949235,23,91.28905,102,0
B0005,24,3.556611,2.623767,4.187438,1.563671,-1.873239,0.51045,31.894457,38.165262,14.110271,24,91.2557,101,0
B0005,25,3.558674,2.50108,4.187741,1.686661,-1.913959,0.433682,31.780397,38.275496,14.246718,25,91.2791,100,0
B0005,26,3.564103,2.684999,4.188261,1.503262,-1.903053,0.456092,31.688747,37.982161,14.043746,26,90.70155,99,0
B0005,27,3.559588,2.547109,4.187339,1.64023,-1.913459,0.434873,31.596748,38.111002,14.299468,27,90.73845,98,0
B0005,28,3.556833,2.471315,4.18756,1.716245,-1.913621,0.434914,31.565586,38.188311,14.433546,28,90.69845,97,0
B0005,29,3.562441,2.66139,4.188052,1.526662,-1.902582,0.457356,31.591247,37.998541,14.200858,29,90.1383,96,0
B0005,30,3.559141,2.541762,4.187667,1.645905,-1.913062,0.436209,31.603485,38.194202,14.392901,30,90.20385,95,0
B0005,31,3.557316,2.628919,4.20107,1.572151,-1.920618,0.420528,31.915564,38.457964,14.676667,31,92.59015,94,0
B0005,32,3.561871,2.631255,4.199622,1.568367,-1.929883,0.399294,32.081128,38.491264,14.28722,32,91.5352,93,0
B0005,33,3.561759,2.654881,4.199853,1.544972,-1.929301,0.400285,31.849793,38.314734,14.308409,33,90.9952,92,0
B0005,34,3.559731,2.674969,4.199103,1.524134,-1.923331,0.413516,31.46569,37.861935,14.321944,34,90.4654,91,0
B0005,35,3.557594,2.615971,4.199999,1.584028,-1.928447,0.401941,31.409349,37.906656,14.34056,35,90.2305,90,0
B0005,36,3.559724,2.658447,4.199675,1.541228,-1.923144,0.414501,31.902247,38.340032,14.36112,36,89.96885,89,0
B0005,37,3.559062,2.697943,4.199185,1.501242,-1.917015,0.42729,31.649024,38.074595,14.317004,37,89.42215,88,0
B0005,38,3.557016,2.661727,4.200012,1.538285,-1.922049,0.416126,31.488746,38.072528,14.557985,38,89.14615,87,0
B0005,39,3.556248,2.699288,4.199237,1.499949,-1.91623,0.428938,31.329996,37.801336,14.518923,39,88.6517,86,0
B0005,40,3.553276,2.612793,4.199396,1.586603,-1.92208,0.41729,31.569551,38.39874,14.959372,40,88.6519,85,0
B0005,41,3.556266,2.663706,4.199579,1.535873,-1.916242,0.429548,32.111426,38.749292,14.728714,41,88.3936,84,0
B0005,42,3.55631,2.666845,4.199547,1.532702,-1.915881,0.430187,32.271676,38.872755,14.616668,42,88.11575,83,0
B0005,43,3.558951,2.684431,4.194091,1.50966,-1.911441,0.439441,31.842292,38.503541,14.510839,43,88.38085,82,0
B0005,44,3.553442,2.645224,4.200715,1.555491,-1.915817,0.429985,31.759815,38.270091,14.441305,44,88.1334,81,0
B0005,45,3.551012,2.660353,4.199098,1.538745,-1.91513,0.431038,31.419112,38.116848,14.766335,45,87.5865,80,0
B0005,46,3.551318,2.692685,4.199399,1.506714,-1.914849,0.432314,31.331627,38.041527,14.805313,46,87.0925,79,0
B0005,47,3.549003,2.670545,4.199123,1.528578,-1.914413,0.432784,31.359341,38.179803,14.965001,47,86.80455,78,0
B0005,48,3.559765,2.605158,4.190409,1.585251,-1.938881,0.377264,34.310885,40.712182,14.064808,48,89.6812,77,0
B0005,49,3.562345,2.672012,4.199934,1.527922,-1.92751,0.404067,33.435856,39.885261,14.184885,49,89.15945,76,0
B0005,50,3.558337,2.674271,4.199365,1.525094,-1.926719,0.405589,32.666981,39.182874,14.346685,50,88.3682,75,0
B0005,51,3.554013,2.630942,4.199024,1.568082,-1.926131,0.406843,32.284234,38.951565,14.589948,51,87.8509,74,0
B0005,52,3.552376,2.662973,4.199432,1.536459,-1.920235,0.42018,32.007392,38.607511,14.588353,52,87.34355,73,0
B0005,53,3.549619,2.612942,4.199641,1.586699,-1.920101,0.420608,32.063871,38.92036,14.900691,53,87.08585,72,0
B0005,54,3.549381,2.61572,4.199306,1.583586,-1.914428,0.432859,32.437546,39.232731,14.896646,54,86.82115,71,0
B0005,55,3.547212,2.62877,4.19895,1.57018,-1.908341,0.445425,32.168099,38.964927,14.840647,55,86.3161,70,0
B0005,56,3.546705,2.665511,4.198342,1.532831,-1.902207,0.457524,32.057526,38.839273,14.867707,56,85.79035,69,0
B0005,57,3.54463,2.650495,4.198996,1.548501,-1.902048,0.458249,31.975921,38.827964,14.988637,57,85.52665,68,0
B0005,58,3.543629,2.643236,4.19917,1.555934,-1.896491,0.469512,32.216893,39.140079,15.183156,58,85.3007,67,0
B0005,59,3.544495,2.65645,4.199247,1.542797,-1.895971,0.470022,32.55633,39.349612,14.884494,59,85.01555,66,0
B0005,60,3.54092,2.626178,4.199255,1.573077,-1.889965,0.480925,32.400481,39.294445,15.026594,60,84.729,65,0
B0005,61,3.541196,2.658223,4.199611,1.541388,-1.88937,0.482253,32.293719,39.104877,14.958476,61,84.24515,64,0
B0005,62,3.540671,2.6951,4.199445,1.504345,-1.877688,0.502962,32.136071,39.046261,15.110609,62,83.7237,63,0
B0005,63,3.537605,2.639092,4.198992,1.5599,-1.883107,0.49361,32.382685,39.398032,15.315497,63,83.72845,62,0
B0005,64,3.538422,2.685721,4.197785,1.512064,-1.87636,0.504505,32.309,39.106784,14.677967,64,83.1858,61,0
B0005,65,3.539286,2.690179,4.201331,1.511152,-1.870955,0.5144,32.566369,39.44449,15.115678,65,82.9507,60,0
B0005,66,3.53369,2.639895,4.19934,1.559445,-1.87056,0.514996,32.46543,39.509602,15.375632,66,82.6927,59,0
B0005,67,3.534368,2.689915,4.198916,1.509001,-1.864005,0.525537,32.347056,39.334865,15.354571,67,82.1327,58,0
B0005,68,3.531294,2.659358,4.198537,1.539179,-1.863693,0.526308,32.371539,39.437233,15.462158,68,81.8929,57,0
B0005,69,3.530913,2.665703,4.198944,1.533241,-1.85782,0.536024,32.455493,39.513752,15.475354,69,81.63675,56,0
B0005,70,3.528723,2.642987,4.19958,1.556593,-1.857216,0.536602,32.500172,39.601703,15.519414,70,81.38765,55,0
B0005,71,3.526255,2.631117,4.198782,1.567665,-1.856834,0.537514,32.501003,39.687464,15.643853,71,81.10625,54,0
B0005,72,3.528684,2.696157,4.199105,1.502948,-1.844889,0.555915,32.472893,39.535351,15.527397,72,80.5663,53,0
B0005,73,3.525557,2.66676,4.198511,1.531751,-1.844418,0.556718,32.504802,39.650237,15.656774,73,80.32815,52,0
B0005,74,3.522681,2.640319,4.198732,1.558413,-1.843879,0.557422,32.512183,39.699291,15.712681,74,80.0757,51,0
B0005,75,3.524673,2.69893,4.1988,1.49987,-1.837113,0.567076,32.456928,39.560763,15.632548,75,79.51845,50,0
B0005,76,3.521316,2.668247,4.198754,1.530507,-1.831596,0.575842,32.447059,39.637081,15.758327,76,79.28945,49,0
B0005,77,3.518034,2.647921,4.20031,1.552389,-1.83112,0.575873,32.328897,39.43977,15.528747,77,79.24715,48,0
B0005,78,3.523684,2.674163,4.201124,1.526961,-1.84328,0.558198,32.844885,39.839022,15.366073,78,79.7763,47,0
B0005,79,3.519147,2.689253,4.19815,1.508897,-1.829799,0.57726,32.317316,39.417949,15.594636,79,78.7365,46,0
B0005,80,3.516234,2.688809,4.198524,1.509715,-1.823675,0.586875,32.063761,39.262782,15.856811,80,78.2451,45,0
B0005,81,3.514773,2.674356,4.198841,1.524485,-1.817672,0.595208,32.219976,39.472378,15.965795,81,77.9883,44,0
B0005,82,3.513299,2.643029,4.19812,1.555091,-1.817924,0.595241,32.712023,40.037541,16.051299,82,77.9741,43,0
B0005,83,3.514485,2.658486,4.19832,1.539834,-1.817161,0.596127,32.945022,40.14273,15.810714,83,77.73445,42,0
B0005,84,3.510968,2.629782,4.198047,1.568265,-1.81103,0.604238,32.85755,40.116563,15.904885,84,77.4437,41,0
B0005,85,3.510936,2.662297,4.199047,1.53675,-1.809444,0.605973,32.629663,39.875033,15.874605,85,76.91185,40,0
B0005,86,3.509393,2.682381,4.19767,1.515289,-1.802654,0.614702,32.379859,39.61962,15.951524,86,76.3957,39,0
B0005,87,3.506678,2.640189,4.197601,1.557412,-1.803154,0.614777,32.682159,40.067325,16.213424,87,76.42625,38,0
B0005,88,3.510989,2.693769,4.197986,1.504217,-1.796567,0.622528,32.993874,40.247167,16.003398,88,76.13235,37,0
B0005,89,3.510305,2.695787,4.198164,1.502377,-1.795977,0.623305,33.045397,40.302531,15.997993,89,75.8743,36,0
B0005,90,3.522222,2.692055,4.22292,1.530865,-1.822917,0.588061,32.856296,40.094181,15.977346,90,80.29095,35,0
B0005,91,3.516349,2.629071,4.200423,1.571352,-1.829428,0.579039,33.339502,40.522385,15.795681,91,78.19245,34,0
B0005,92,3.51344,2.631344,4.198372,1.567028,-1.816317,0.596717,33.351565,40.568864,15.833474,92,77.4046,33,0
B0005,93,3.515138,2.698397,4.198353,1.499956,-1.803369,0.613824,33.147486,40.278048,15.776074,93,76.6188,32,0
B0005,94,3.508304,2.633849,4.197874,1.564025,-1.802671,0.614695,33.007276,40.292185,16.026041,94,76.34765,31,0
B0005,95,3.509191,2.671566,4.197956,1.52639,-1.795894,0.623302,32.919908,40.184384,16.035574,95,75.84785,30,0
B0005,96,3.50681,2.654081,4.197918,1.543837,-1.795345,0.624319,32.999033,40.320066,16.111458,96,75.5949,29,0
B0005,97,3.506091,2.65685,4.197739,1.540889,-1.789352,0.632033,33.037723,40.336506,16.108292,97,75.3282,28,0
B0005,98,3.503716,2.636305,4.197855,1.56155,-1.788388,0.632891,33.077403,40.432676,16.173341,98,75.07725,27,0
B0005,99,3.506748,2.699517,4.197307,1.49779,-1.781545,0.641436,33.05468,40.314539,16.085553,99,74.5422,26,0
B0005,100,3.505881,2.698216,4.197528,1.499312,-1.775312,0.648607,33.115704,40.386662,16.112565,100,74.2934,25,0
B0005,101,3.504168,2.691171,4.197437,1.506266,-1.774238,0.649806,33.129421,40.433846,16.170034,101,74.0207,24,0
B0005,102,3.503057,2.690162,4.197717,1.507555,-1.77386,0.650736,33.130681,40.444793,16.191035,102,73.7605,23,0
B0005,103,3.498232,2.635503,4.192455,1.556952,-1.78097,0.642223,33.200692,40.584997,16.240739,103,74.2952,22,0
B0005,104,3.506586,2.659475,4.202845,1.54337,-1.78791,0.633757,33.786975,40.998692,15.940464,104,74.8046,21,0
B0005,105,3.501457,2.644555,4.197953,1.553398,-1.780229,0.643239,33.673365,40.997808,16.147133,105,74.04005,20,0
B0005,106,3.501658,2.67196,4.198018,1.526058,-1.773102,0.651471,33.535818,40.842138,16.153685,106,73.4877,19,0
B0005,107,3.496619,2.659821,4.192163,1.532342,-1.770588,0.654213,33.3227,40.690125,16.245888,107,72.69505,18,0
B0005,108,3.499165,2.68836,4.196993,1.508633,-1.760063,0.667001,33.34623,40.69938,16.316565,108,72.7073,17,0
B0005,109,3.496081,2.637673,4.197604,1.559931,-1.765575,0.660798,33.649489,41.060262,16.344915,109,72.7512,16,0
B0005,110,3.495901,2.645121,4.196407,1.551286,-1.758827,0.667772,33.792695,41.19696,16.345529,110,72.4521,15,0
B0005,111,3.497587,2.698012,4.197099,1.499087,-1.751643,0.675969,33.524467,40.844467,16.251347,111,71.93355,14,0
B0005,112,3.495699,2.692894,4.196909,1.504015,-1.75131,0.676783,33.390423,40.764204,16.379186,112,71.67225,13,0
B0005,113,3.492875,2.648392,4.197105,1.548713,-1.751184,0.676787,33.673702,41.112125,16.466972,113,71.6698,12,0
B0005,114,3.495511,2.683213,4.196245,1.513032,-1.744621,0.683802,33.910806,41.272566,16.339693,114,71.40325,11,0
B0005,115,3.494233,2.68496,4.196803,1.511843,-1.743636,0.684605,33.785068,41.155749,16.350756,115,71.146,10,0
B0005,116,3.491197,2.669922,4.196227,1.526305,-1.742533,0.685495,33.611268,41.032372,16.453794,116,70.87145,9,0
B0005,117,3.488909,2.664106,4.196558,1.532452,-1.741984,0.686403,33.455986,40.93727,16.57946,117,70.62045,8,0
B0005,118,3.487376,2.634099,4.196871,1.562772,-1.742168,0.686435,33.723267,41.240705,16.623954,118,70.62895,7,0
B0005,119,3.491994,2.683787,4.196796,1.513009,-1.735841,0.693348,34.050076,41.4365,16.407222,119,70.3799,6,0
B0005,120,3.491586,2.660032,4.189287,1.529255,-1.756788,0.670544,33.889347,41.167039,16.007545,120,71.6696,5,0
B0005,121,3.495576,2.650012,4.201145,1.551133,-1.757318,0.669469,34.067649,41.362166,16.150015,121,71.91275,4,0
B0005,122,3.493899,2.693697,4.196926,1.503229,-1.742763,0.685602,33.751681,41.021988,16.169979,122,70.86775,3,0
B0005,123,3.491592,2.697073,4.196901,1.499828,-1.735264,0.693315,33.464823,40.788188,16.312234,123,70.3491,2,0
B0005,124,3.488573,2.6807,4.196689,1.515989,-1.734435,0.694224,33.402107,40.815061,16.469842,124,70.0602,1,0
B0005,125,3.486902,2.66954,4.196339,1.526799,-1.728039,0.701102,33.410689,40.858374,16.531744,125,69.83505,0,1
B0005,126,3.485549,2.671695,4.196181,1.524486,-1.732689,0.696109,33.389849,40.839877,16.559595,126,69.56425,0,1
B0005,127,3.483891,2.661289,4.195771,1.534482,-1.726074,0.702875,33.370043,40.853761,16.614737,127,69.31145,0,1
B0005,128,3.483199,2.667818,4.195456,1.527638,-1.719539,0.709444,33.27216,40.747952,16.624455,128,69.02185,0,1
B0005,129,3.483627,2.684008,4.196544,1.512536,-1.718583,0.71043,33.222444,40.68794,16.634934,129,68.7618,0,1
B0005,130,3.480172,2.658526,4.194357,1.535831,-1.717672,0.711459,33.262077,40.781075,16.718212,130,68.52565,0,1
B0005,131,3.478452,2.637225,4.195864,1.558639,-1.717708,0.71127,33.31203,40.881593,16.795206,131,68.52545,0,1
B0005,132,3.478578,2.651426,4.195585,1.544159,-1.710967,0.717882,33.252879,40.811915,16.802633,132,68.2368,0,1
B0005,133,3.48252,2.676385,4.188484,1.512099,-1.718421,0.710444,33.745054,41.117935,16.39839,133,68.7696,0,1
B0005,134,3.488682,2.694914,4.200347,1.505433,-1.726047,0.702928,33.88842,41.248795,16.405715,134,69.3056,0,1
B0005,135,3.48585,2.697334,4.198175,1.500841,-1.712022,0.716929,33.735376,41.16243,16.581426,135,68.4925,0,1
B0005,136,3.478794,2.64254,4.195715,1.553175,-1.711023,0.717885,33.591311,41.164376,16.824089,136,68.23915,0,1
B0005,137,3.481283,2.699226,4.195756,1.49653,-1.703421,0.72522,33.323667,40.864216,16.834078,137,67.7161,0,1
B0005,138,3.480352,2.67648,4.195912,1.519432,-1.703575,0.725014,33.691962,41.254346,16.852627,138,67.7321,0,1
B0005,139,3.478113,2.642142,4.195824,1.553682,-1.703491,0.725187,33.88764,41.450232,16.80242,139,67.7352,0,1
B0005,140,3.476587,2.644725,4.196258,1.551533,-1.702338,0.7263,33.673081,41.277085,16.869926,140,67.46575,0,1
B0005,141,3.473377,2.632271,4.196613,1.564342,-1.701424,0.727213,33.411988,41.064605,16.992861,141,67.20945,0,1
B0005,142,3.472637,2.639101,4.195851,1.55675,-1.695044,0.733352,33.299265,40.992849,17.119459,142,66.94955,0,1
B0005,143,3.473439,2.637842,4.196002,1.55816,-1.695058,0.733563,33.599807,41.290406,17.115527,143,66.94575,0,1
B0005,144,3.475478,2.668286,4.196208,1.527922,-1.693781,0.734399,33.619612,41.227402,16.941079,144,66.70035,0,1
B0005,145,3.472288,2.64902,4.195535,1.546515,-1.686943,0.740645,33.39452,41.046196,17.033093,145,66.4322,0,1
B0005,146,3.471374,2.664059,4.195744,1.531685,-1.686065,0.741517,33.167345,40.858744,17.143683,146,66.15855,0,1
B0005,147,3.472616,2.688361,4.195868,1.507507,-1.679583,0.747451,33.109622,40.791969,17.214947,147,65.90845,0,1
B0005,148,3.473815,2.686975,4.195348,1.508373,-1.679794,0.747613,33.465018,41.141278,17.1814,148,65.9233,0,1
B0005,149,3.470143,2.650754,4.196066,1.545312,-1.685174,0.74264,33.442619,41.144293,17.17649,149,65.91465,0,1
B0005,150,3.467524,2.664632,4.184535,1.519903,-1.686381,0.741601,33.037928,40.661842,17.067488,150,66.1936,0,1
B0005,151,3.476753,2.640021,4.20124,1.561219,-1.715777,0.713571,33.494949,41.046695,16.809013,151,68.0061,0,1
B0005,152,3.475896,2.674199,4.195704,1.521505,-1.700722,0.728144,33.491363,41.046205,16.878831,152,66.97655,0,1
B0005,153,3.475812,2.696427,4.195745,1.499318,-1.692814,0.735549,33.329809,40.868303,16.880908,153,66.45145,0,1
B0005,154,3.474655,2.692834,4.196363,1.503529,-1.68611,0.741545,33.273028,40.852836,16.976332,154,66.1837,0,1
B0005,155,3.472302,2.681748,4.195793,1.514045,-1.685044,0.742502,33.229879,40.852706,17.052224,155,65.9317,0,1
B0005,156,3.472931,2.696791,4.195797,1.499006,-1.678525,0.748506,33.208608,40.826325,17.073885,156,65.67375,0,1
B0005,157,3.469619,2.664696,4.196349,1.531653,-1.683912,0.743662,33.236115,40.903088,17.132405,157,65.6601,0,1
B0005,158,3.470018,2.679192,4.195609,1.516417,-1.677378,0.749468,33.186601,40.843374,17.144634,158,65.3898,0,1
B0005,159,3.470763,2.699983,4.19534,1.495357,-1.676425,0.750475,33.174058,40.817921,17.136595,159,65.15165,0,1
B0005,160,3.468111,2.666301,4.195402,1.529101,-1.676279,0.750657,33.253985,40.946994,17.193507,160,65.16785,0,1
B0005,161,3.464863,2.63085,4.195685,1.564835,-1.681799,0.745566,33.319809,41.074938,17.28387,161,65.1705,0,1
B0005,162,3.467864,2.673348,4.195561,1.522213,-1.675081,0.751487,33.337658,41.024764,17.187167,162,64.89435,0,1
B0005,163,3.464021,2.632764,4.196067,1.563303,-1.675366,0.751314,33.290767,41.062142,17.310871,163,64.9037,0,1
B0005,164,3.466462,2.668737,4.196641,1.527904,-1.674488,0.752429,33.275688,40.983663,17.242239,164,64.6732,0,1
B0005,165,3.468509,2.696396,4.195624,1.499228,-1.667447,0.75847,33.320678,40.982342,17.178364,165,64.40015,0,1
B0005,166,3.466806,2.679483,4.195862,1.516379,-1.66747,0.758669,33.37315,41.063751,17.214629,166,64.37265,0,1
B0005,167,3.471071,2.678714,4.184827,1.506113,-1.688898,0.739392,33.713519,41.04703,16.112925,167,65.45075,0,1
B0005,168,3.475472,2.655378,4.201969,1.546591,-1.697928,0.731404,33.865318,41.051008,15.957711,168,66.25395,0,1
B0006,1,3.556946,2.475768,4.179823,1.704055,-1.990533,0.201498,32.142778,39.162987,14.885419,1,101.7669,108,0
B0006,2,3.561476,2.351526,4.177288,1.825762,-1.990278,0.201909,32.293075,39.246203,14.597592,2,101.257,107,0
B0006,3,3.566752,2.44048,4.178121,1.737641,-1.989947,0.202473,32.244147,38.999202,14.295145,3,100.6663,106,0
B0006,4,3.568795,2.479156,4.178562,1.699406,-1.989601,0.202976,32.147117,38.843628,14.193125,4,100.66425,105,0
B0006,5,3.563971,2.280188,4.17825,1.898062,-1.989548,0.202794,32.066873,38.977989,14.343783,5,100.0264,104,0
B0006,6,3.573551,2.439284,4.193217,1.753933,-1.990104,0.202295,32.034478,38.839899,14.4965,6,100.69495,103,0
B0006,7,3.571139,2.281207,4.193733,1.912526,-1.990089,0.202157,32.111575,39.046108,14.615162,7,100.65505,102,0
B0006,8,3.568151,2.366411,4.176827,1.810416,-1.989117,0.204482,32.112576,38.875075,14.22464,8,98.4395,101,0
B0006,9,3.569283,2.43602,4.176369,1.740349,-1.989212,0.204699,32.035662,38.726054,14.161077,9,98.4083,100,0
B0006,10,3.563389,2.186438,4.176898,1.99046,-1.989191,0.204871,31.99528,38.986297,14.460863,10,97.86155,99,0
B0006,11,3.566659,2.340602,4.17758,1.836978,-1.989132,0.205457,31.874128,38.659789,14.247741,11,97.27995,98,0
B0006,12,3.568704,2.426302,4.177996,1.751694,-1.988781,0.206584,32.12096,38.849792,14.183724,12,96.73755,97,0
B0006,13,3.569207,2.47537,4.176316,1.700946,-1.988732,0.207294,32.110212,38.751283,13.917981,13,96.164,96,0
B0006,14,3.565927,2.342365,4.177992,1.835627,-1.98872,0.207207,31.989061,38.768538,14.137888,14,95.5945,95,0
B0006,15,3.561242,2.1884,4.17744,1.98904,-1.988787,0.207699,31.878814,38.846861,14.384945,15,95.05335,94,0
B0006,16,3.557882,2.120698,4.175616,2.054918,-1.988591,0.208036,31.767451,38.86589,14.597169,16,94.45995,93,0
B0006,17,3.562824,2.369981,4.177603,1.807622,-1.988489,0.208961,31.789916,38.647579,14.292861,17,93.9139,92,0
B0006,18,3.559195,2.247992,4.176355,1.928363,-1.988347,0.209366,31.828835,38.792182,14.407923,18,93.3785,91,0
B0006,19,3.558091,2.411532,4.17745,1.765918,-1.977455,0.255514,31.890449,38.770222,14.30435,19,93.37945,90,0
B0006,20,3.565899,2.203356,4.174584,1.971228,-1.989235,0.203886,31.511771,37.543206,13.031594,20,98.98135,89,0
B0006,21,3.570814,2.358878,4.175224,1.816346,-1.989047,0.205105,31.874488,37.903626,12.993038,21,97.8775,88,0
B0006,22,3.566682,2.218673,4.177217,1.958544,-1.988683,0.205484,31.539115,37.670161,13.100092,22,97.29075,87,0
B0006,23,3.566839,2.339723,4.176682,1.836959,-1.988545,0.206723,31.220867,37.34167,13.116096,23,96.2123,86,0
B0006,24,3.571052,2.399751,4.190384,1.790633,-1.988564,0.20595,31.119005,37.28979,13.250644,24,97.29905,85,0
B0006,25,3.566631,2.491411,4.176973,1.685562,-1.988056,0.208219,31.033244,37.167945,13.152201,25,95.0704,84,0
B0006,26,3.552739,2.13873,4.173452,2.034722,-1.977297,0.254357,31.001249,37.515778,13.611965,26,93.9337,83,0
B0006,27,3.556096,2.346064,4.176459,1.830395,-1.977169,0.255158,30.921435,37.24166,13.424773,27,93.4153,82,0
B0006,28,3.55045,2.327338,4.176261,1.848923,-1.966039,0.293714,30.92936,37.272332,13.509748,28,92.8012,81,0
B0006,29,3.546007,2.486312,4.172856,1.686544,-1.944599,0.357708,31.00811,37.207135,13.429207,29,92.26,80,0
B0006,30,3.554258,2.292166,4.188188,1.896022,-1.976916,0.255893,30.967795,37.496078,13.73041,30,92.86145,79,0
B0006,31,3.555857,2.434301,4.189992,1.755691,-1.999755,0.147004,31.100972,37.250074,13.504562,31,96.2388,78,0
B0006,32,3.553731,2.47262,4.186982,1.714362,-1.988434,0.209015,31.307369,37.396991,13.20127,32,94.1116,77,0
B0006,33,3.545265,2.403422,4.186483,1.783061,-1.977131,0.255973,31.13134,37.285207,13.311729,33,92.76385,76,0
B0006,34,3.538409,2.400668,4.187722,1.787054,-1.965706,0.295182,30.828714,37.08039,13.560233,34,91.96255,75,0
B0006,35,3.529769,2.31943,4.184171,1.864741,-1.954249,0.330102,30.761533,36.980243,13.45081,35,90.927,74,0
B0006,36,3.530068,2.340173,4.18678,1.846607,-1.949061,0.345668,31.303057,37.598741,13.651074,36,90.67385,73,0
B0006,37,3.524888,2.38296,4.186483,1.803523,-1.937355,0.37507,31.064321,37.336809,13.612138,37,89.8551,72,0
B0006,38,3.519093,2.351856,4.184742,1.832886,-1.93126,0.389801,30.966547,37.394998,13.885324,38,89.05025,71,0
B0006,39,3.515181,2.35351,4.186114,1.832604,-1.925414,0.40325,30.826456,37.35234,14.092752,39,88.55065,70,0
B0006,40,3.514029,2.394806,4.186378,1.791572,-1.919844,0.416672,31.080769,37.586774,14.174872,40,88.02355,69,0
B0006,41,3.51414,2.441886,4.185743,1.743857,-1.908733,0.440544,31.694288,38.207045,14.213169,41,87.51455,68,0
B0006,42,3.509578,2.391849,4.184995,1.793146,-1.902768,0.452347,31.875582,38.340432,14.114993,42,86.97465,67,0
B0006,43,3.511071,2.316615,4.175623,1.859008,-1.909325,0.438888,31.543288,38.52154,14.589939,43,87.73385,66,0
B0006,44,3.515918,2.411099,4.191705,1.780606,-1.930637,0.391395,31.420983,38.037072,14.235215,44,88.29695,65,0
B0006,45,3.505853,2.451013,4.185468,1.734455,-1.907114,0.442205,31.158371,37.934286,14.609241,45,86.68945,64,0
B0006,46,3.501038,2.471216,4.184202,1.712986,-1.895354,0.466077,31.156614,37.884708,14.657192,46,85.6663,63,0
B0006,47,3.497408,2.470969,4.185839,1.71487,-1.889271,0.47771,31.206611,38.065369,14.855698,47,85.1204,62,0
B0006,48,3.538887,2.428802,4.172917,1.744115,-1.981936,0.236452,33.611693,39.78844,13.185495,48,91.18595,61,0
B0006,49,3.532743,2.355143,4.186982,1.831839,-1.965328,0.297626,32.856301,39.212903,13.601536,49,90.4064,60,0
B0006,50,3.521215,2.365934,4.186538,1.820604,-1.947064,0.348954,32.210982,38.669378,13.880867,50,88.78805,59,0
B0006,51,3.509311,2.348196,4.182282,1.834086,-1.924163,0.406189,31.96509,38.517007,14.217968,51,87.23705,58,0
B0006,52,3.507161,2.469459,4.185962,1.716503,-1.912447,0.431775,31.744802,38.292505,14.302388,52,86.46035,57,0
B0006,53,3.500929,2.466672,4.183657,1.716985,-1.895021,0.466719,31.876564,38.520917,14.525502,53,85.40545,56,0
B0006,54,3.497302,2.448293,4.18439,1.736097,-1.883708,0.48819,32.242893,38.954363,14.656604,54,84.87975,55,0
B0006,55,3.492904,2.474522,4.184733,1.710211,-1.871665,0.508923,32.073056,38.731364,14.625893,55,84.10315,54,0
B0006,56,3.488659,2.469128,4.185836,1.716708,-1.865481,0.519141,32.030141,38.748276,14.772076,56,83.57385,53,0
B0006,57,3.482293,2.417717,4.185703,1.767986,-1.85929,0.529287,31.984936,38.842271,15.018071,57,83.03795,52,0
B0006,58,3.477576,2.377513,4.184887,1.807374,-1.848156,0.547621,32.236774,39.221382,15.278578,58,82.55605,51,0
B0006,59,3.478744,2.443724,4.184567,1.740843,-1.841574,0.557204,32.560971,39.466511,15.008865,59,82.00675,50,0
B0006,60,3.474015,2.432428,4.184591,1.752163,-1.829753,0.574401,32.48985,39.352653,15.099728,60,81.46,49,0
B0006,61,3.471839,2.494086,4.181227,1.687141,-1.817086,0.592138,32.426122,39.318906,15.204418,61,80.4425,48,0
B0006,62,3.46318,2.382347,4.182602,1.800255,-1.811156,0.600134,32.299843,39.471969,15.543042,62,80.1762,47,0
B0006,63,3.463469,2.406668,4.183991,1.777323,-1.811306,0.60087,32.610758,39.740097,15.67724,63,79.94855,46,0
B0006,64,3.460218,2.420414,4.182425,1.762011,-1.803802,0.609257,32.256994,39.036001,14.598357,64,79.38135,45,0
B0006,65,3.462575,2.450785,4.190985,1.7402,-1.798244,0.61707,32.471934,39.161064,14.859216,65,79.1486,44,0
B0006,66,3.453708,2.393033,4.18186,1.788827,-1.785796,0.632502,32.402193,39.200518,15.084328,66,78.3569,43,0
B0006,67,3.451404,2.3939,4.183449,1.789549,-1.785075,0.633447,32.309874,39.158784,15.200877,67,78.06725,42,0
B0006,68,3.450781,2.437329,4.182944,1.745615,-1.778592,0.641416,32.354405,39.18226,15.220403,68,77.55855,41,0
B0006,69,3.446106,2.370533,4.182593,1.81206,-1.772787,0.648596,32.473136,39.381592,15.349657,69,77.0337,40,0
B0006,70,3.441815,2.351295,4.177556,1.826261,-1.760181,0.663157,32.523346,39.447129,15.392332,70,76.2657,39,0
B0006,71,3.445008,2.436846,4.1832,1.746354,-1.765303,0.657185,32.518265,39.409506,15.404652,71,76.50785,38,0
B0006,72,3.441165,2.390305,4.183586,1.793281,-1.759349,0.664159,32.543707,39.484433,15.49621,72,76.23285,37,0
B0006,73,3.443621,2.489216,4.18317,1.693954,-1.752617,0.671663,32.562223,39.441676,15.466951,73,75.72745,36,0
B0006,74,3.439943,2.450611,4.183502,1.732891,-1.751695,0.672637,32.58978,39.538662,15.566475,74,75.4696,35,0
B0006,75,3.436027,2.411195,4.183243,1.772048,-1.751043,0.673375,32.570896,39.586755,15.690034,75,75.19985,34,0
B0006,76,3.436309,2.460914,4.182038,1.721124,-1.738875,0.686477,32.537854,39.499753,15.650881,76,74.676,33,0
B0006,77,3.43047,2.37842,4.18244,1.80402,-1.738623,0.68638,32.656451,39.96864,16.094991,77,74.3816,32,0
B0006,78,3.441731,2.38447,4.189963,1.805493,-1.787076,0.631095,33.180785,40.426683,15.97218,78,76.5144,31,0
B0006,79,3.435543,2.44864,4.181214,1.732574,-1.761268,0.661517,32.712208,40.024514,16.210334,79,75.2038,30,0
B0006,80,3.427234,2.36287,4.182158,1.819288,-1.754553,0.669239,32.543944,40.021675,16.628261,80,74.43795,29,0
B0006,81,3.430754,2.479713,4.180249,1.700536,-1.736425,0.689253,32.665541,40.078212,16.583282,81,73.9139,28,0
B0006,82,3.43088,2.46099,4.182776,1.721786,-1.737169,0.689147,33.160923,40.565789,16.617024,82,73.923,27,0
B0006,83,3.431985,2.479451,4.182971,1.70352,-1.735818,0.689913,33.414446,40.752214,16.446577,83,73.66075,26,0
B0006,84,3.426914,2.421514,4.182588,1.761074,-1.72973,0.696447,33.354168,40.711626,16.545204,84,73.3758,25,0
B0006,85,3.422042,2.392799,4.180388,1.787589,-1.727867,0.698121,33.136346,40.587213,16.606417,85,72.58145,24,0
B0006,86,3.420269,2.410475,4.182476,1.772001,-1.726907,0.699,32.922418,40.370358,16.728384,86,72.5962,23,0
B0006,87,3.424821,2.491533,4.182568,1.691035,-1.7212,0.705262,33.203385,40.667924,16.838482,87,72.3574,22,0
B0006,88,3.423499,2.444862,4.182606,1.737744,-1.721141,0.705204,33.533951,40.990357,16.78051,88,72.3427,21,0
B0006,89,3.424742,2.484076,4.183048,1.698972,-1.720055,0.706306,33.576793,40.997744,16.724521,89,72.0837,20,0
B0006,90,3.450702,2.479017,4.222516,1.743499,-1.821048,0.587005,33.224088,40.772659,16.714482,90,79.67935,19,0
B0006,91,3.448048,2.482067,4.190937,1.70887,-1.821446,0.586802,33.370833,40.522205,15.845481,91,77.3195,18,0
B0006,92,3.439948,2.452449,4.183029,1.73058,-1.789916,0.627813,33.433666,40.577468,15.863719,92,75.7353,17,0
B0006,93,3.434113,2.419849,4.183894,1.764045,-1.776935,0.64339,33.286767,40.516964,16.049753,93,74.94895,16,0
B0006,94,3.43256,2.470682,4.183984,1.713302,-1.764003,0.658665,33.143477,40.343254,16.118602,94,74.15555,15,0
B0006,95,3.427061,2.41376,4.18364,1.76988,-1.75717,0.66667,33.110215,40.393411,16.279828,95,73.6483,14,0
B0006,96,3.42734,2.45625,4.183387,1.727137,-1.750267,0.67429,33.189918,40.463415,16.311064,96,73.138,13,0
B0006,97,3.423482,2.401795,4.183563,1.781768,-1.743961,0.681181,33.262654,40.581826,16.389219,97,72.5918,12,0
B0006,98,3.422096,2.408769,4.181712,1.772943,-1.736851,0.688715,33.299979,40.616708,16.378098,98,72.34335,11,0
B0006,99,3.421884,2.430812,4.183247,1.752435,-1.736005,0.689654,33.316635,40.631648,16.44062,99,72.069,10,0
B0006,100,3.419578,2.398886,4.18305,1.784164,-1.72969,0.696268,33.391506,40.743234,16.516759,100,71.56055,9,0
B0006,101,3.417528,2.381438,4.183092,1.801654,-1.728795,0.697048,33.415224,40.817155,16.595366,101,71.30125,8,0
B0006,102,3.419786,2.459885,4.181537,1.721652,-1.721673,0.704597,33.396909,40.728776,16.510691,102,71.0244,7,0
B0006,103,3.417137,2.400729,4.172034,1.771305,-1.722816,0.703674,33.73732,41.454945,17.18795,103,71.03505,6,0
B0006,104,3.430535,2.472831,4.188428,1.715597,-1.748664,0.676636,34.089653,41.396789,16.386265,104,72.6128,5,0
B0006,105,3.425084,2.467319,4.181499,1.71418,-1.734516,0.691433,33.998729,41.366695,16.546854,105,71.5779,4,0
B0006,106,3.417134,2.369246,4.179546,1.8103,-1.727157,0.698926,33.907397,41.377874,16.716105,106,70.7508,3,0
B0006,107,3.417521,2.448262,4.181016,1.732754,-1.730518,0.695078,33.705184,41.140956,16.709838,107,70.48655,2,0
B0006,108,3.418162,2.459863,4.182668,1.722805,-1.714144,0.712646,33.745883,41.216881,16.874612,108,70.24585,1,0
B0006,109,3.420332,2.49787,4.179948,1.682078,-1.706782,0.719704,34.016572,41.403919,16.709296,109,69.7582,0,1
B0006,110,3.419292,2.472237,4.182316,1.710079,-1.70636,0.719707,34.175023,41.586571,16.752778,110,69.7267,0,1
B0006,111,3.414352,2.427875,4.183006,1.755131,-1.70527,0.72069,33.97611,41.435041,16.864006,111,69.46585,0,1
B0006,112,3.412701,2.427591,4.182505,1.754914,-1.704627,0.721395,33.841504,41.374369,17.000581,112,69.1919,0,1
B0006,113,3.41041,2.373379,4.179533,1.806154,-1.69855,0.72786,34.100846,41.664779,17.035845,113,68.68405,0,1
B0006,114,3.414419,2.42486,4.182505,1.757645,-1.698235,0.727594,34.346637,41.818168,16.90951,114,68.9303,0,1
B0006,115,3.413171,2.426963,4.182823,1.75586,-1.697117,0.728647,34.216232,41.686647,16.899747,115,68.688,0,1
B0006,116,3.410702,2.417288,4.182414,1.765126,-1.69592,0.729939,34.041617,41.565383,17.010446,116,68.4129,0,1
B0006,117,3.408906,2.418509,4.182451,1.763942,-1.695316,0.730716,33.890213,41.463948,17.137524,117,68.1651,0,1
B0006,118,3.413408,2.480937,4.181306,1.700369,-1.689038,0.736599,34.116762,41.612363,17.037064,118,67.90485,0,1
B0006,119,3.411221,2.407821,4.180487,1.772666,-1.68924,0.736671,34.490494,42.00754,17.013957,119,67.66345,0,1
B0006,120,3.415521,2.433235,4.16357,1.730335,-1.710201,0.716282,34.237448,41.616792,16.451572,120,69.20805,0,1
B0006,121,3.422984,2.440823,4.190013,1.74919,-1.730245,0.696262,34.414289,41.802451,16.633101,121,70.25735,0,1
B0006,122,3.414757,2.396078,4.182418,1.78634,-1.715247,0.711023,34.164452,41.653005,16.831567,122,68.93595,0,1
B0006,123,3.414359,2.449307,4.182071,1.732764,-1.70134,0.7245,33.877147,41.360618,16.900757,123,68.4133,0,1
B0006,124,3.409189,2.384185,4.182702,1.798517,-1.700437,0.725368,33.839566,41.428156,17.111217,124,67.86575,0,1
B0006,125,3.41193,2.444076,4.18227,1.738194,-1.687353,0.7373,33.818305,41.343266,17.043907,125,67.62465,0,1
B0006,126,3.409442,2.429601,4.182395,1.752794,-1.691929,0.733539,33.812621,41.381187,17.116231,126,67.3705,0,1
B0006,127,3.40819,2.410223,4.182062,1.771839,-1.685295,0.739526,33.798946,41.37845,17.144401,127,66.8504,0,1
B0006,128,3.407379,2.409893,4.182289,1.772396,-1.678743,0.745435,33.702724,41.306601,17.222586,128,66.56175,0,1
B0006,129,3.408586,2.453938,4.179662,1.725724,-1.671214,0.752177,33.635627,41.204081,17.171337,129,66.2965,0,1
B0006,130,3.404844,2.39404,4.181393,1.787353,-1.676893,0.747428,33.690724,41.329556,17.294507,130,66.07895,0,1
B0006,131,3.408106,2.451347,4.1821,1.730753,-1.670119,0.753284,33.71317,41.30037,17.233237,131,66.06125,0,1
B0006,132,3.409173,2.475015,4.182054,1.707039,-1.663475,0.758971,33.653766,41.243646,17.239695,132,65.78245,0,1
B0006,133,3.411082,2.456918,4.168816,1.711898,-1.664588,0.757936,33.983578,41.364649,16.69943,133,66.04515,0,1
B0006,134,3.416749,2.438241,4.190149,1.751908,-1.691838,0.733447,33.816348,40.892858,16.0875,134,67.37165,0,1
B0006,135,3.416969,2.49464,4.187197,1.692557,-1.671198,0.752313,33.60692,40.652965,16.084188,135,66.30065,0,1
B0006,136,3.410576,2.436746,4.182323,1.745577,-1.663277,0.759027,33.473506,40.584107,16.268836,136,65.50595,0,1
B0006,137,3.411334,2.485869,4.182282,1.696413,-1.655909,0.765496,33.209179,40.322784,16.318988,137,65.2608,0,1
B0006,138,3.408128,2.395755,4.181394,1.785639,-1.656101,0.765507,33.58089,40.780329,16.41963,138,65.0203,0,1
B0006,139,3.412573,2.450468,4.182109,1.731641,-1.649326,0.770966,33.764009,40.857315,16.235542,139,65.0118,0,1
B0006,140,3.407694,2.394203,4.181211,1.787008,-1.648113,0.771856,33.570036,40.748602,16.386162,140,64.47535,0,1
B0006,141,3.40735,2.430384,4.180184,1.7498,-1.640254,0.778065,33.272051,40.472276,16.413988,141,63.96265,0,1
B0006,142,3.409292,2.475563,4.181642,1.706079,-1.633915,0.78372,33.127409,40.281876,16.441839,142,63.9604,0,1
B0006,143,3.409549,2.446712,4.18185,1.735138,-1.634024,0.783832,33.439117,40.637565,16.52142,143,63.70185,0,1
B0006,144,3.410319,2.460711,4.181709,1.720998,-1.632488,0.78488,33.482875,40.642433,16.394058,144,63.70635,0,1
B0006,145,3.409269,2.461979,4.178726,1.716747,-1.619261,0.795118,33.221363,40.387134,16.41437,145,63.1882,0,1
B0006,146,3.409437,2.499908,4.181149,1.681241,-1.617824,0.796212,32.985627,40.153164,16.473175,146,62.90685,0,1
B0006,147,3.403885,2.406157,4.181247,1.77509,-1.618102,0.79591,32.970183,40.262117,16.729584,147,62.663,0,1
B0006,148,3.406593,2.409214,4.182125,1.772911,-1.618099,0.796221,33.310187,40.65438,16.75399,148,62.66155,0,1
B0006,149,3.409593,2.47054,4.179545,1.709005,-1.610354,0.802269,33.234067,40.410217,16.483055,149,62.40435,0,1
B0006,150,3.40941,2.499684,4.164242,1.664558,-1.611644,0.801085,33.117657,40.49522,16.931998,150,62.67175,0,1
B0006,151,3.419549,2.48397,4.189239,1.705269,-1.642036,0.77742,33.78417,41.35788,17.174894,151,64.49025,0,1
B0006,152,3.41518,2.46754,4.180843,1.713303,-1.619481,0.795053,33.80644,41.37903,17.241129,152,63.177,0,1
B0006,153,3.415459,2.494644,4.181238,1.686594,-1.604864,0.806036,33.637358,41.209208,17.24611,153,62.3988,0,1
B0006,154,3.413034,2.457738,4.179828,1.72209,-1.59164,0.81589,33.581959,41.206306,17.353498,154,61.606,0,1
B0006,155,3.409452,2.409865,4.180793,1.770928,-1.590111,0.817044,33.562456,41.282393,17.529359,155,61.3557,0,1
B0006,156,3.41385,2.479418,4.181365,1.701947,-1.576775,0.826275,33.511127,41.159568,17.438235,156,61.087,0,1
B0006,157,3.410901,2.434585,4.180595,1.74601,-1.575263,0.827296,33.536759,41.230427,17.470605,157,60.55515,0,1
B0006,158,3.410574,2.425683,4.181424,1.755741,-1.568464,0.831738,33.498031,41.214879,17.552563,158,60.2808,0,1
B0006,159,3.409651,2.417924,4.181922,1.763998,-1.567129,0.832943,33.516977,41.274398,17.61271,159,60.0447,0,1
B0006,160,3.412858,2.454158,4.179594,1.725436,-1.553799,0.8419,33.531923,41.237668,17.513062,160,59.5295,0,1
B0006,161,3.413451,2.463616,4.180558,1.716942,-1.552183,0.842674,33.567636,41.240681,17.478618,161,59.25895,0,1
B0006,162,3.414388,2.470375,4.181414,1.711039,-1.545265,0.847035,33.604931,41.281339,17.475272,162,58.98355,0,1
B0006,163,3.412419,2.435763,4.180815,1.745052,-1.538652,0.851356,33.542814,41.283386,17.56986,163,58.72975,0,1
B0006,164,3.41481,2.48119,4.169704,1.688514,-1.516972,0.864747,33.472459,41.149193,17.441853,164,57.6909,0,1
B0006,165,3.416618,2.491537,4.180284,1.688747,-1.52385,0.860389,33.582104,41.262683,17.471222,165,58.22005,0,1
B0006,166,3.412134,2.409041,4.18117,1.772129,-1.523793,0.860433,33.663461,41.457918,17.655021,166,57.93985,0,1
B0006,167,3.4197,2.475768,4.157552,1.681784,-1.539131,0.851192,33.730546,41.116662,16.418064,167,58.74875,0,1
B0006,168,3.423469,2.416044,4.188512,1.772468,-1.54267,0.849552,33.891282,41.362638,16.454912,168,59.28375,0,1
B0018,1,3.527546,2.472161,4.188196,1.716035,-1.954176,0.327555,31.773285,38.101803,14.282283,1,92.75025,96,0
B0018,2,3.534836,2.411438,4.186704,1.775266,-1.947437,0.344749,31.924892,38.14988,13.835093,2,92.1598,95,0
B0018,3,3.538247,2.394396,4.188811,1.794415,-1.952051,0.330929,31.316913,37.526691,13.782797,3,91.9801,94,0
B0018,4,3.537698,2.399948,4.188875,1.788927,-1.946091,0.347912,30.821191,37.062792,13.834936,4,91.5337,93,0
B0018,5,3.542668,2.385146,4.189909,1.804763,-1.94128,0.363491,31.95347,38.211035,13.788967,5,91.635,92,0
B0018,6,3.545104,2.371677,4.19051,1.818833,-1.940034,0.364963,32.023112,38.174965,13.479679,6,91.42645,91,0
B0018,7,3.547514,2.496449,4.190324,1.693875,-1.933567,0.380883,31.634533,37.640387,13.326727,7,91.06005,90,0
B0018,8,3.544812,2.437451,4.190302,1.752851,-1.933216,0.382477,31.288195,37.376029,13.458761,8,90.7585,89,0
B0018,9,3.543478,2.415221,4.188518,1.773297,-1.932596,0.384119,31.111225,37.28928,13.634639,9,90.2149,88,0
B0018,10,3.543133,2.377432,4.191794,1.814362,-1.938752,0.369053,31.13167,37.523778,13.925774,10,91.155,87,0
B0018,11,3.545155,2.388749,4.190699,1.80195,-1.931925,0.38518,31.513058,37.724204,13.595915,11,90.60625,86,0
B0018,12,3.545032,2.43229,4.190263,1.757973,-1.924959,0.400892,31.311026,37.413661,13.402664,12,90.2346,85,0
B0018,13,3.544089,2.497496,4.189705,1.692209,-1.917953,0.416048,30.893965,36.947249,13.392702,13,89.5422,84,0
B0018,14,3.541317,2.478769,4.188354,1.709585,-1.917373,0.417715,30.540599,36.707091,13.61659,14,89.17355,83,0
B0018,15,3.541198,2.385849,4.193543,1.807694,-1.918065,0.41851,30.82566,37.130612,13.827067,15,89.04695,82,0
B0018,16,3.541255,2.372854,4.190238,1.817384,-1.910603,0.433354,31.451401,37.6866,13.68648,16,88.56045,81,0
B0018,17,3.542748,2.408691,4.190757,1.782066,-1.909405,0.434529,31.518848,37.633581,13.403164,17,88.4315,80,0
B0018,18,3.541251,2.496332,4.189715,1.693383,-1.896057,0.460837,31.112373,37.152526,13.356864,18,87.6815,79,0
B0018,19,3.535026,2.41999,4.187636,1.767646,-1.894841,0.462897,30.586453,36.78829,13.660965,19,87.311,78,0
B0018,20,3.532663,2.358732,4.191005,1.832273,-1.900214,0.452459,30.242913,36.541146,13.760179,20,86.88325,77,0
B0018,21,3.533311,2.44581,4.190697,1.744887,-1.893677,0.46616,30.102704,36.372088,13.789704,21,86.57585,76,0
B0018,22,3.527387,2.380854,4.185878,1.805024,-1.873972,0.501665,30.251185,36.526085,13.812007,22,85.42975,75,0
B0018,23,3.529603,2.436956,4.188109,1.751153,-1.879176,0.492717,30.212408,36.476253,13.814463,23,85.5735,74,0
B0018,24,3.528971,2.467137,4.188302,1.721165,-1.878056,0.49393,30.125011,36.377209,13.869041,24,85.3751,73,0
B0018,25,3.532274,2.412937,4.189625,1.776688,-1.899372,0.455988,30.224286,36.640009,14.022096,25,87.4619,72,0
B0018,26,3.532438,2.349777,4.190151,1.840374,-1.892696,0.469795,30.976376,37.381655,13.951112,26,86.6385,71,0
B0018,27,3.536321,2.49047,4.189151,1.698681,-1.878367,0.495047,31.415703,37.598248,13.631301,27,86.11155,70,0
B0018,28,3.533535,2.465091,4.189631,1.72454,-1.870834,0.507765,31.3833,37.560555,13.596202,28,85.5923,69,0
B0018,29,3.527013,2.363133,4.18769,1.824557,-1.869657,0.509618,31.167938,37.521142,13.887223,29,84.9634,68,0
B0018,30,3.529257,2.479062,4.190215,1.711153,-1.862373,0.521882,30.99469,37.218871,13.733992,30,84.70185,67,0
B0018,31,3.527821,2.491906,4.189776,1.69787,-1.854784,0.534394,31.055318,37.334414,13.864091,31,84.09515,66,0
B0018,32,3.525693,2.433718,4.189846,1.756128,-1.853877,0.536045,31.373946,37.73318,13.959666,32,83.84885,65,0
B0018,33,3.524396,2.442451,4.18811,1.745659,-1.845735,0.548163,31.561284,37.846493,13.84503,33,83.27615,64,0
B0018,34,3.520798,2.438342,4.186369,1.748027,-1.838254,0.559255,31.318475,37.670165,13.972975,34,82.8596,63,0
B0018,35,3.519457,2.415725,4.190166,1.774441,-1.843568,0.551439,31.104012,37.531852,14.040052,35,82.4112,62,0
B0018,36,3.513166,2.323396,4.189966,1.86657,-1.837045,0.561352,30.98973,37.593334,14.270329,36,81.9385,61,0
B0018,37,3.517217,2.498504,4.18826,1.689756,-1.82119,0.584407,30.967852,37.36141,14.108971,37,81.38245,60,0
B0018,38,3.512009,2.350237,4.18974,1.839503,-1.827045,0.576508,31.285342,37.899803,14.406317,38,81.1077,59,0
B0018,39,3.509111,2.333774,4.186236,1.852462,-1.819052,0.587272,31.410962,38.031497,14.377067,39,80.70035,58,0
B0018,40,3.516107,2.317647,4.189625,1.871978,-1.869375,0.510642,30.755137,37.422202,14.405663,40,83.8026,57,0
B0018,41,3.51901,2.492395,4.186586,1.694191,-1.83977,0.556855,30.977447,37.325112,13.942409,41,82.46505,56,0
B0018,42,3.512421,2.372828,4.189366,1.816538,-1.837963,0.559559,30.800512,37.310883,14.15686,42,81.61915,55,0
B0018,43,3.508152,2.35607,4.188554,1.832484,-1.829611,0.571885,30.616193,37.232347,14.347061,43,80.8208,54,0
B0018,44,3.508649,2.464443,4.188765,1.724322,-1.821083,0.58387,30.399839,36.948509,14.382161,44,80.54515,53,0
B0018,45,3.505199,2.419517,4.188637,1.76912,-1.81992,0.585778,30.383868,37.002664,14.450029,45,79.7732,52,0
B0018,46,3.523165,2.342241,4.188466,1.846225,-1.895116,0.463845,30.57624,36.710254,13.585245,46,86.33535,51,0
B0018,47,3.52727,2.375547,4.189571,1.814024,-1.886769,0.478321,30.705906,36.728076,13.319112,47,85.82835,50,0
B0018,48,3.526763,2.414629,4.189585,1.774956,-1.878663,0.49324,30.625836,36.729593,13.449347,48,84.7912,49,0
B0018,49,3.52302,2.384465,4.189371,1.804906,-1.870475,0.507335,30.597357,36.787462,13.582848,49,83.8889,48,0
B0018,50,3.519792,2.398646,4.187606,1.78896,-1.856283,0.531724,30.528494,36.756892,13.632929,50,83.03295,47,0
B0018,51,3.525101,2.455713,4.188829,1.733116,-1.862535,0.521266,31.203754,37.350158,13.576676,51,83.32055,46,0
B0018,52,3.518519,2.323666,4.189202,1.865536,-1.860683,0.52395,31.172639,37.48126,13.74722,52,82.3417,45,0
B0018,53,3.51908,2.488054,4.186779,1.698725,-1.838364,0.558525,30.968259,37.125444,13.565769,53,81.2882,44,0
B0018,54,3.511417,2.330694,4.187889,1.857195,-1.843696,0.550733,30.821704,37.191126,13.881495,54,80.6079,43,0
B0018,55,3.510804,2.3894,4.189158,1.799758,-1.836273,0.562188,30.76522,37.176427,14.03245,55,80.28685,42,0
B0018,56,3.514326,2.48642,4.19129,1.70487,-1.86469,0.518053,30.809988,37.119367,14.024592,56,83.68225,41,0
B0018,57,3.519666,2.467363,4.190628,1.723265,-1.857265,0.52995,31.039034,37.270246,13.703024,57,82.02175,40,0
B0018,58,3.512404,2.375173,4.189158,1.813985,-1.848345,0.543968,31.041765,37.395509,13.854201,58,80.66325,39,0
B0018,59,3.507786,2.371626,4.185868,1.814242,-1.839168,0.557958,30.959784,37.378957,13.990647,59,79.6048,38,0
B0018,60,3.50766,2.463956,4.186907,1.722951,-1.830333,0.570695,30.843513,37.245718,14.07797,60,79.33005,37,0
B0018,61,3.507483,2.475545,4.189576,1.714031,-1.829291,0.572447,30.797157,37.217556,14.097245,61,79.00385,36,0
B0018,62,3.502387,2.379156,4.189809,1.810653,-1.827845,0.574259,30.984435,37.56151,14.275119,62,78.20865,35,0
B0018,63,3.503693,2.477616,4.188889,1.711273,-1.81882,0.586842,30.967899,37.417479,14.133251,63,77.7809,34,0
B0018,64,3.498995,2.420555,4.188221,1.767666,-1.817194,0.58886,30.976616,37.551015,14.327157,64,77.01025,33,0
B0018,65,3.495406,2.415388,4.186454,1.771066,-1.815798,0.5909,30.89769,37.59895,14.571743,65,76.60805,32,0
B0018,66,3.494528,2.397421,4.189567,1.792146,-1.822108,0.582158,30.815688,37.48924,14.45762,66,76.58115,31,0
B0018,67,3.496255,2.497753,4.189298,1.691545,-1.812963,0.595278,30.726188,37.379111,14.47609,67,76.113,30,0
B0018,68,3.487696,2.372609,4.186793,1.814184,-1.804488,0.606534,30.768187,37.559604,14.72612,68,75.32635,29,0
B0018,69,3.486548,2.368443,4.188595,1.820152,-1.809986,0.599329,30.775415,37.618055,14.750242,69,75.0711,28,0
B0018,70,3.482298,2.331969,4.186295,1.854326,-1.80904,0.60034,30.761822,37.71102,14.966822,70,74.81765,27,0
B0018,71,3.491819,2.405776,4.187384,1.781608,-1.827369,0.575395,30.913722,37.767989,14.758109,71,76.6713,26,0
B0018,72,3.493996,2.472084,4.188929,1.716845,-1.818039,0.588404,31.228216,37.919194,14.546523,72,76.19225,25,0
B0018,73,3.484377,2.342731,4.18527,1.842539,-1.808535,0.601711,31.26168,37.993285,14.551559,73,75.0596,24,0
B0018,74,3.485912,2.419865,4.187998,1.768133,-1.806804,0.603505,31.184086,37.984838,14.687104,74,74.6209,23,0
B0018,75,3.484279,2.43888,4.187899,1.749019,-1.805019,0.605688,31.001432,37.828885,14.729454,75,74.1662,22,0
B0018,76,3.482989,2.430466,4.188292,1.757826,-1.811856,0.596903,30.981374,37.844838,14.797915,76,74.0369,21,0
B0018,77,3.4838,2.490727,4.18741,1.696683,-1.802153,0.610252,31.088688,37.898461,14.782901,77,73.6754,20,0
B0018,78,3.478754,2.367833,4.188657,1.820824,-1.809295,0.600327,31.33642,38.27784,14.853741,78,73.40095,19,0
B0018,79,3.475219,2.35327,4.188199,1.834929,-1.800031,0.612449,31.226,38.244343,15.033328,79,72.9046,18,0
B0018,80,3.47074,2.362898,4.184528,1.82163,-1.79813,0.614577,31.037323,38.069563,15.130339,80,72.3933,17,0
B0018,81,3.474601,2.4202,4.192768,1.772568,-1.805825,0.604686,30.811349,37.817446,15.101848,81,72.63905,16,0
B0018,82,3.474052,2.472606,4.187874,1.715268,-1.795956,0.61817,30.932223,37.902568,15.085701,82,72.1268,15,0
B0018,83,3.475076,2.483165,4.188056,1.704891,-1.795106,0.618934,31.215527,38.166283,15.010926,83,71.96355,14,0
B0018,84,3.472424,2.434199,4.188063,1.753864,-1.79401,0.620585,31.400797,38.367895,14.995505,84,71.4324,13,0
B0018,85,3.471751,2.497859,4.185913,1.688054,-1.784159,0.632246,31.259213,38.198236,15.086227,85,71.24515,12,0
B0018,86,3.474541,2.374741,4.18726,1.812519,-1.813632,0.5946,31.134701,38.099983,14.984188,86,73.4906,11,0
B0018,87,3.47172,2.358934,4.187671,1.828737,-1.81096,0.597931,31.24688,38.214524,14.949461,87,72.6291,10,0
B0018,88,3.471398,2.441327,4.187836,1.746509,-1.800802,0.611493,31.027559,37.939697,14.912652,88,72.1417,9,0
B0018,89,3.462649,2.31142,4.187195,1.875775,-1.798648,0.613886,30.931917,38.066667,15.277644,89,71.4188,8,0
B0018,90,3.466073,2.495316,4.18334,1.688024,-1.780407,0.63706,30.667082,37.632605,15.153251,90,70.77275,7,0
B0018,91,3.473067,2.439848,4.19221,1.752362,-1.816713,0.590543,31.226789,38.182236,15.028439,91,72.72885,6,0
B0018,92,3.466855,2.376538,4.186622,1.810084,-1.798127,0.615176,31.387733,38.390747,15.090759,92,71.4159,5,0
B0018,93,3.465274,2.37223,4.186946,1.814716,-1.796444,0.617572,31.505667,38.516227,15.076409,93,70.98515,4,0
B0018,94,3.463888,2.361476,4.18744,1.825964,-1.795371,0.618585,31.546226,38.566122,15.041974,94,70.77805,3,0
B0018,95,3.457808,2.317938,4.184598,1.86666,-1.793718,0.621306,31.389978,38.560654,15.385497,95,70.284,2,0
B0018,96,3.459814,2.337286,4.186742,1.849456,-1.801452,0.610693,31.385434,38.538421,15.248353,96,70.4223,1,0
B0018,97,3.458028,2.352881,4.187152,1.834271,-1.791522,0.623631,31.423707,38.548873,15.291729,97,69.84275,0,1
B0018,98,3.4614,2.464612,4.187096,1.722484,-1.781694,0.636221,31.435369,38.458384,15.201952,98,69.67835,0,1
B0018,99,3.461129,2.468466,4.187367,1.718901,-1.779738,0.638759,31.542375,38.543829,15.125844,99,69.4682,0,1
B0018,100,3.455557,2.409292,4.185346,1.776054,-1.785653,0.631222,31.526697,38.650884,15.396165,100,68.92825,0,1
B0018,101,3.459598,2.477625,4.186647,1.709022,-1.778407,0.639667,31.435922,38.456548,15.181245,101,69.24505,0,1
B0018,102,3.450657,2.335609,4.184731,1.849122,-1.777841,0.641351,31.475238,38.656413,15.474581,102,68.51625,0,1
B0018,103,3.455515,2.441999,4.187176,1.745177,-1.776446,0.642619,31.581745,38.655587,15.308386,103,68.6673,0,1
B0018,104,3.45584,2.465169,4.186108,1.720939,-1.775275,0.643959,31.647959,38.699709,15.254041,104,68.39745,0,1
B0018,105,3.448678,2.370892,4.18346,1.812568,-1.774201,0.645172,31.662032,38.874817,15.576579,105,67.8357,0,1
B0018,106,3.474503,2.46188,4.187092,1.725212,-1.819665,0.58655,30.434501,37.363975,14.908549,106,73.02155,0,1
B0018,107,3.474032,2.424707,4.187369,1.762662,-1.809684,0.600288,31.017997,37.882588,14.811994,107,72.505,0,1
B0018,108,3.474404,2.444722,4.187598,1.742876,-1.799329,0.613273,31.394838,38.158981,14.674572,108,71.90705,0,1
B0018,109,3.471767,2.443569,4.187609,1.74404,-1.795942,0.617343,31.245119,38.052432,14.708005,109,71.4184,0,1
B0018,110,3.468531,2.4666,4.186194,1.719594,-1.795602,0.618301,31.053069,37.890964,14.824538,110,70.73935,0,1
B0018,111,3.465121,2.427251,4.186991,1.75974,-1.792954,0.621632,30.885893,37.812036,14.930141,111,70.69445,0,1
B0018,112,3.465288,2.476263,4.185443,1.70918,-1.784474,0.632309,31.053992,37.959195,15.021789,112,69.94665,0,1
B0018,113,3.4618,2.360799,4.186308,1.825509,-1.793581,0.622004,31.49284,38.521043,15.082238,113,69.7666,0,1
B0018,114,3.46326,2.377012,4.187179,1.810167,-1.792065,0.623371,31.938327,38.878688,14.975788,114,69.5023,0,1
B0018,115,3.462839,2.456756,4.185446,1.72869,-1.780954,0.636304,31.745627,38.651189,15.013152,115,69.30135,0,1
B0018,116,3.456915,2.327731,4.193052,1.865321,-1.798985,0.613602,31.310185,38.434235,15.295449,116,69.41075,0,1
B0018,117,3.457469,2.453791,4.186242,1.732451,-1.787323,0.628366,31.12736,38.103876,15.068254,117,68.80915,0,1
B0018,118,3.450219,2.347561,4.186011,1.83845,-1.786167,0.630001,30.985551,38.127428,15.292181,118,68.23585,0,1
B0018,119,3.448673,2.355835,4.186756,1.830921,-1.785,0.630879,30.899653,38.039629,15.356563,119,67.94925,0,1
B0018,120,3.444633,2.37911,4.183155,1.804045,-1.778331,0.63938,30.706124,37.856579,15.50404,120,67.31155,0,1
B0018,121,3.467273,2.444741,4.19199,1.747249,-1.809776,0.599893,30.471222,37.430172,15.062437,121,71.34215,0,1
B0018,122,3.46449,2.431868,4.185629,1.753761,-1.789669,0.625914,30.939222,37.826415,14.919485,122,70.3224,0,1
B0018,123,3.459667,2.344037,4.186834,1.842797,-1.79701,0.616291,31.111641,38.083072,14.965255,123,69.67455,0,1
B0018,124,3.462242,2.456437,4.186613,1.730176,-1.786151,0.629755,31.03791,37.882796,14.838625,124,69.41245,0,1
B0018,125,3.455566,2.395548,4.183907,1.788359,-1.784162,0.632469,30.967951,37.960271,15.126006,125,68.5094,0,1
B0018,126,3.458696,2.453675,4.185339,1.731664,-1.784526,0.632626,30.939962,37.880513,15.031179,126,68.98475,0,1
B0018,127,3.452528,2.306273,4.18528,1.879007,-1.792067,0.623599,31.295019,38.434163,15.254241,127,68.43295,0,1
B0018,128,3.455229,2.347109,4.186282,1.839173,-1.78278,0.63514,31.818465,38.84749,15.128331,128,68.13685,0,1
B0018,129,3.461974,2.488429,4.185356,1.696927,-1.772521,0.647246,32.000672,38.802834,14.753149,129,68.17025,0,1
B0018,130,3.452222,2.399218,4.181407,1.782189,-1.76987,0.649878,31.739922,38.726991,15.164103,130,67.59325,0,1
B0018,131,3.44765,2.278634,4.185252,1.906618,-1.788485,0.627107,31.526136,38.67192,15.270443,131,67.73985,0,1
B0018,132,3.447929,2.365585,4.185763,1.820178,-1.77774,0.640675,31.276245,38.371814,15.248231,132,67.05255,0,1
