Battery_ID,Cycle,Capacity,Voltage_mean,Voltage_min,Voltage_max,Current_mean,Temperature_mean,Discharge_time
B0005,1,1.856487,3.529829,2.612467,4.191492,-1.818702,32.572328,3690.234
B0005,2,1.846327,3.53732,2.587209,4.189773,-1.81756,32.725235,3672.344
B0005,3,1.835349,3.543737,2.651917,4.188187,-1.816487,32.642862,3651.641
B0005,4,1.835263,3.543666,2.592948,4.188461,-1.825589,32.514876,3631.563
B0005,5,1.834646,3.542343,2.54742,4.188299,-1.826114,32.382349,3629.172
B0005,6,1.835662,3.541335,2.520948,4.188816,-1.816811,32.434182,3652.281
B0005,7,1.835146,3.541025,2.487927,4.188392,-1.816791,32.480416,3650.828
B0005,8,1.825757,3.554133,2.665205,4.188928,-1.844341,32.410462,3572.453
B0005,9,1.824774,3.552936,2.603858,4.189029,-1.853973,32.346141,3550.594
B0005,10,1.824613,3.551206,2.552854,4.189223,-1.85359,32.276798,3551.25
B0005,11,1.82462,3.549292,2.472448,4.188916,-1.86338,32.157094,3530.25
B0005,12,1.814202,3.559759,2.649564,4.189876,-1.872969,32.364071,3491.016
B0005,13,1.813752,3.558082,2.572498,4.189287,-1.88261,32.318195,3470.281
B0005,14,1.81344,3.555692,2.524989,4.188838,-1.882537,32.15709,3470.0
B0005,15,1.802598,3.562747,2.694622,4.18911,-1.881794,32.04407,3450.297
B0005,16,1.802107,3.561452,2.640101,4.189212,-1.892186,31.931594,3429.407
B0005,17,1.80258,3.560342,2.573904,4.1889,-1.902763,31.941655,3409.484
B0005,18,1.803068,3.559119,2.49424,4.18878,-1.913347,31.965009,3390.422
B0005,19,1.802778,3.557887,2.455679,4.189273,-1.91316,31.966242,3390.281
B0005,20,1.847026,3.552038,2.632143,4.187614,-1.855346,32.371433,3591.734
B0005,21,1.847417,3.552567,2.502776,4.187629,-1.8747,32.70025,3552.297
B0005,22,1.836177,3.556794,2.617508,4.187447,-1.873827,32.322664,3531.578
B0005,23,1.825781,3.56141,2.694074,4.187344,-1.883194,31.987958,3492.907
B0005,24,1.825114,3.556611,2.623767,4.187438,-1.873239,31.894457,3511.594
B0005,25,1.825582,3.558674,2.50108,4.187741,-1.913959,31.780397,3431.937
B0005,26,1.814031,3.564103,2.684999,4.188261,-1.903053,31.688747,3431.125
B0005,27,1.814769,3.559588,2.547109,4.187339,-1.913459,31.596748,3412.406
B0005,28,1.813969,3.556833,2.471315,4.18756,-1.913621,31.565586,3410.688
B0005,29,1.802766,3.562441,2.66139,4.188052,-1.902582,31.591247,3410.718
B0005,30,1.804077,3.559141,2.541762,4.187667,-1.913062,31.603485,3392.719
B0005,31,1.851803,3.557316,2.628919,4.20107,-1.920618,31.915564,3470.672
B0005,32,1.830704,3.561871,2.631255,4.199622,-1.929883,32.081128,3414.109
B0005,33,1.819904,3.561759,2.654881,4.199853,-1.929301,31.849793,3395.219
B0005,34,1.809308,3.559731,2.674969,4.199103,-1.923331,31.46569,3386.0
B0005,35,1.80461,3.557594,2.615971,4.199999,-1.928447,31.409349,3368.187
B0005,36,1.799377,3.559724,2.658447,4.199675,-1.923144,31.902247,3368.266
B0005,37,1.788443,3.559062,2.697943,4.199185,-1.917015,31.649024,3358.719
B0005,38,1.782923,3.557016,2.661727,4.200012,-1.922049,31.488746,3339.5
B0005,39,1.773034,3.556248,2.699288,4.199237,-1.91623,31.329996,3331.265
B0005,40,1.773038,3.553276,2.612793,4.199396,-1.92208,31.569551,3321.188
B0005,41,1.767872,3.556266,2.663706,4.199579,-1.916242,32.111426,3321.844
B0005,42,1.762315,3.55631,2.666845,4.199547,-1.915881,32.271676,3311.828
B0005,43,1.767617,3.558951,2.684431,4.194091,-1.911441,31.842292,3327.391
B0005,44,1.762668,3.553442,2.645224,4.200715,-1.915817,31.759815,3312.078
B0005,45,1.75173,3.551012,2.660353,4.199098,-1.91513,31.419112,3293.172
B0005,46,1.74185,3.551318,2.692685,4.199399,-1.914849,31.331627,3275.328
B0005,47,1.736091,3.549003,2.670545,4.199123,-1.914413,31.359341,3265.016
B0005,48,1.793624,3.559765,2.605158,4.190409,-1.938881,34.310885,3328.937
B0005,49,1.783189,3.562345,2.672012,4.199934,-1.92751,33.435856,3329.266
B0005,50,1.767364,3.558337,2.674271,4.199365,-1.926719,32.666981,3301.579
B0005,51,1.757018,3.554013,2.630942,4.199024,-1.926131,32.284234,3283.563
B0005,52,1.746871,3.552376,2.662973,4.199432,-1.920235,32.007392,3275.125
B0005,53,1.741717,3.549619,2.612942,4.199641,-1.920101,32.063871,3265.656
B0005,54,1.736423,3.549381,2.61572,4.199306,-1.914428,32.437546,3266.093
B0005,55,1.726322,3.547212,2.62877,4.19895,-1.908341,32.168099,3257.594
B0005,56,1.715807,3.546705,2.665511,4.198342,-1.902207,32.057526,3248.593
B0005,57,1.710533,3.54463,2.650495,4.198996,-1.902048,31.975921,3238.766
B0005,58,1.706014,3.543629,2.643236,4.19917,-1.896491,32.216893,3240.14
B0005,59,1.700311,3.544495,2.65645,4.199247,-1.895971,32.55633,3230.109
B0005,60,1.69458,3.54092,2.626178,4.199255,-1.889965,32.400481,3229.781
B0005,61,1.684903,3.541196,2.658223,4.199611,-1.88937,32.293719,3212.469
B0005,62,1.674474,3.540671,2.6951,4.199445,-1.877688,32.136071,3213.219
B0005,63,1.674569,3.537605,2.639092,4.198992,-1.883107,32.382685,3203.578
B0005,64,1.663716,3.538422,2.685721,4.197785,-1.87636,32.309,3195.125
B0005,65,1.659014,3.539286,2.690179,4.201331,-1.870955,32.566369,3195.313
B0005,66,1.653854,3.53369,2.639895,4.19934,-1.87056,32.46543,3186.297
B0005,67,1.642654,3.534368,2.689915,4.198916,-1.864005,32.347056,3176.438
B0005,68,1.637858,3.531294,2.659358,4.198537,-1.863693,32.371539,3167.593
B0005,69,1.632735,3.530913,2.665703,4.198944,-1.85782,32.455493,3167.719
B0005,70,1.627753,3.528723,2.642987,4.19958,-1.857216,32.500172,3159.078
B0005,71,1.622125,3.526255,2.631117,4.198782,-1.856834,32.501003,3148.829
B0005,72,1.611326,3.528684,2.696157,4.199105,-1.844889,32.472893,3149.094
B0005,73,1.606563,3.525557,2.66676,4.198511,-1.844418,32.504802,3140.547
B0005,74,1.601514,3.522681,2.640319,4.198732,-1.843879,32.512183,3131.625
B0005,75,1.590369,3.524673,2.69893,4.1988,-1.837113,32.456928,3121.907
B0005,76,1.585789,3.521316,2.668247,4.198754,-1.831596,32.447059,3122.125
B0005,77,1.584943,3.518034,2.647921,4.20031,-1.83112,32.328897,3121.672
B0005,78,1.595526,3.523684,2.674163,4.201124,-1.84328,32.844885,3120.86
B0005,79,1.57473,3.519147,2.689253,4.19815,-1.829799,32.317316,3103.828
B0005,80,1.564902,3.516234,2.688809,4.198524,-1.823675,32.063761,3095.094
B0005,81,1.559766,3.514773,2.674356,4.198841,-1.817672,32.219976,3095.781
B0005,82,1.559482,3.513299,2.643029,4.19812,-1.817924,32.712023,3094.328
B0005,83,1.554689,3.514485,2.658486,4.19832,-1.817161,32.945022,3086.531
B0005,84,1.548874,3.510968,2.629782,4.198047,-1.81103,32.85755,3085.625
B0005,85,1.538237,3.510936,2.662297,4.199047,-1.809444,32.629663,3067.203
B0005,86,1.527914,3.509393,2.682381,4.19767,-1.802654,32.379859,3058.157
B0005,87,1.528525,3.506678,2.640189,4.197601,-1.803154,32.682159,3058.812
B0005,88,1.522647,3.510989,2.693769,4.197986,-1.796567,32.993874,3058.578
B0005,89,1.517486,3.510305,2.695787,4.198164,-1.795977,33.045397,3049.328
B0005,90,1.605819,3.522222,2.692055,4.22292,-1.822917,32.856296,3177.219
B0005,91,1.563849,3.516349,2.629071,4.200423,-1.829428,33.339502,3082.937
B0005,92,1.548092,3.51344,2.631344,4.198372,-1.816317,33.351565,3074.266
B0005,93,1.532376,3.515138,2.698397,4.198353,-1.803369,33.147486,3066.0
B0005,94,1.526953,3.508304,2.633849,4.197874,-1.802671,33.007276,3056.437
B0005,95,1.516957,3.509191,2.671566,4.197956,-1.795894,32.919908,3048.219
B0005,96,1.511898,3.50681,2.654081,4.197918,-1.795345,32.999033,3039.218
B0005,97,1.506564,3.506091,2.65685,4.197739,-1.789352,33.037723,3039.047
B0005,98,1.501545,3.503716,2.636305,4.197855,-1.788388,33.077403,3030.375
B0005,99,1.490844,3.506748,2.699517,4.197307,-1.781545,33.05468,3021.0
B0005,100,1.485868,3.505881,2.698216,4.197528,-1.775312,33.115704,3021.75
B0005,101,1.480414,3.504168,2.691171,4.197437,-1.774238,33.129421,3012.265
B0005,102,1.47521,3.503057,2.690162,4.197717,-1.77386,33.130681,3002.641
B0005,103,1.485904,3.498232,2.635503,4.192455,-1.78097,33.200692,3012.0
B0005,104,1.496092,3.506586,2.659475,4.202845,-1.78791,33.786975,3020.11
B0005,105,1.480801,3.501457,2.644555,4.197953,-1.780229,33.673365,3002.172
B0005,106,1.469754,3.501658,2.67196,4.198018,-1.773102,33.535818,2992.703
B0005,107,1.453901,3.496619,2.659821,4.192163,-1.770588,33.3227,2964.468
B0005,108,1.454146,3.499165,2.68836,4.196993,-1.760063,33.34623,2983.375
B0005,109,1.455024,3.496081,2.637673,4.197604,-1.765575,33.649489,2975.297
B0005,110,1.449042,3.495901,2.645121,4.196407,-1.758827,33.792695,2974.985
B0005,111,1.438671,3.497587,2.698012,4.197099,-1.751643,33.524467,2966.25
B0005,112,1.433445,3.495699,2.692894,4.196909,-1.75131,33.390423,2956.359
B0005,113,1.433396,3.492875,2.648392,4.197105,-1.751184,33.673702,2956.344
B0005,114,1.428065,3.495511,2.683213,4.196245,-1.744621,33.910806,2956.406
B0005,115,1.42292,3.494233,2.68496,4.196803,-1.743636,33.785068,2947.266
B0005,116,1.417429,3.491197,2.669922,4.196227,-1.742533,33.611268,2937.984
B0005,117,1.412409,3.488909,2.664106,4.196558,-1.741984,33.455986,2929.125
B0005,118,1.412579,3.487376,2.634099,4.196871,-1.742168,33.723267,2928.454
B0005,119,1.407598,3.491994,2.683787,4.196796,-1.735841,34.050076,2929.375
B0005,120,1.433392,3.491586,2.660032,4.189287,-1.756788,33.889347,2946.031
B0005,121,1.438255,3.495576,2.650012,4.201145,-1.757318,34.067649,2955.438
B0005,122,1.417355,3.493899,2.693697,4.196926,-1.742763,33.751681,2937.625
B0005,123,1.406982,3.491592,2.697073,4.196901,-1.735264,33.464823,2929.078
B0005,124,1.401204,3.488573,2.6807,4.196689,-1.734435,33.402107,2918.375
B0005,125,1.396701,3.486902,2.66954,4.196339,-1.728039,33.410689,2919.812
B0005,126,1.391285,3.485549,2.671695,4.196181,-1.732689,33.389849,2900.422
B0005,127,1.386229,3.483891,2.661289,4.195771,-1.726074,33.370043,2901.375
B0005,128,1.380437,3.483199,2.667818,4.195456,-1.719539,33.27216,2901.187
B0005,129,1.375236,3.483627,2.684008,4.196544,-1.718583,33.222444,2891.64
B0005,130,1.370513,3.480172,2.658526,4.194357,-1.717672,33.262077,2882.906
B0005,131,1.370509,3.478452,2.637225,4.195864,-1.717708,33.31203,2883.265
B0005,132,1.364736,3.478578,2.651426,4.195585,-1.710967,33.252879,2882.969
B0005,133,1.375392,3.48252,2.676385,4.188484,-1.718421,33.745054,2891.656
B0005,134,1.386112,3.488682,2.694914,4.200347,-1.726047,33.88842,2901.25
B0005,135,1.36985,3.48585,2.697334,4.198175,-1.712022,33.735376,2891.703
B0005,136,1.364783,3.478794,2.64254,4.195715,-1.711023,33.591311,2883.016
B0005,137,1.354322,3.481283,2.699226,4.195756,-1.703421,33.323667,2873.453
B0005,138,1.354642,3.480352,2.67648,4.195912,-1.703575,33.691962,2874.031
B0005,139,1.354704,3.478113,2.642142,4.195824,-1.703491,33.88764,2874.234
B0005,140,1.349315,3.476587,2.644725,4.196258,-1.702338,33.673081,2864.984
B0005,141,1.344189,3.473377,2.632271,4.196613,-1.701424,33.411988,2855.093
B0005,142,1.338991,3.472637,2.639101,4.195851,-1.695044,33.299265,2855.625
B0005,143,1.338915,3.473439,2.637842,4.196002,-1.695058,33.599807,2855.594
B0005,144,1.334007,3.475478,2.668286,4.196208,-1.693781,33.619612,2847.437
B0005,145,1.328644,3.472288,2.64902,4.195535,-1.686943,33.39452,2847.36
B0005,146,1.323171,3.471374,2.664059,4.195744,-1.686065,33.167345,2837.328
B0005,147,1.318169,3.472616,2.688361,4.195868,-1.679583,33.109622,2837.281
B0005,148,1.318466,3.473815,2.686975,4.195348,-1.679794,33.465018,2838.515
B0005,149,1.318293,3.470143,2.650754,4.196066,-1.685174,33.442619,2828.328
B0005,150,1.323872,3.467524,2.664632,4.184535,-1.686381,33.037928,2838.265
B0005,151,1.360122,3.476753,2.640021,4.20124,-1.715777,33.494949,2864.547
B0005,152,1.339531,3.475896,2.674199,4.195704,-1.700722,33.491363,2846.39
B0005,153,1.329029,3.475812,2.696427,4.195745,-1.692814,33.329809,2837.969
B0005,154,1.323674,3.474655,2.692834,4.196363,-1.68611,33.273028,2838.156
B0005,155,1.318634,3.472302,2.681748,4.195793,-1.685044,33.229879,2829.843
B0005,156,1.313475,3.472931,2.696791,4.195797,-1.678525,33.208608,2829.625
B0005,157,1.313202,3.469619,2.664696,4.196349,-1.683912,33.236115,2819.437
B0005,158,1.307796,3.470018,2.679192,4.195609,-1.677378,33.186601,2819.579
B0005,159,1.303033,3.470763,2.699983,4.19534,-1.676425,33.174058,2810.672
B0005,160,1.303357,3.468111,2.666301,4.195402,-1.676279,33.253985,2811.485
B0005,161,1.30341,3.464863,2.63085,4.195685,-1.681799,33.319809,2802.422
B0005,162,1.297887,3.467864,2.673348,4.195561,-1.675081,33.337658,2801.625
B0005,163,1.298074,3.464021,2.632764,4.196067,-1.675366,33.290767,2802.031
B0005,164,1.293464,3.466462,2.668737,4.196641,-1.674488,33.275688,2793.39
B0005,165,1.288003,3.468509,2.696396,4.195624,-1.667447,33.320678,2793.39
B0005,166,1.287453,3.466806,2.679483,4.195862,-1.66747,33.37315,2792.485
B0005,167,1.309015,3.471071,2.678714,4.184827,-1.688898,33.713519,2802.016
B0005,168,1.325079,3.475472,2.655378,4.201969,-1.697928,33.865318,2820.39
B0006,1,2.035338,3.556946,2.475768,4.179823,-1.990533,32.142778,3690.234
B0006,2,2.02514,3.561476,2.351526,4.177288,-1.990278,32.293075,3672.344
B0006,3,2.013326,3.566752,2.44048,4.178121,-1.989947,32.244147,3651.641
B0006,4,2.013285,3.568795,2.479156,4.178562,-1.989601,32.147117,3631.563
B0006,5,2.000528,3.563971,2.280188,4.17825,-1.989548,32.066873,3629.172
B0006,6,2.013899,3.573551,2.439284,4.193217,-1.990104,32.034478,3652.281
B0006,7,2.013101,3.571139,2.281207,4.193733,-1.990089,32.111575,3650.828
B0006,8,1.96879,3.568151,2.366411,4.176827,-1.989117,32.112576,3572.453
B0006,9,1.968166,3.569283,2.43602,4.176369,-1.989212,32.035662,3550.594
B0006,10,1.957231,3.563389,2.186438,4.176898,-1.989191,31.99528,3551.25
B0006,11,1.945599,3.566659,2.340602,4.17758,-1.989132,31.874128,3530.25
B0006,12,1.934751,3.568704,2.426302,4.177996,-1.988781,32.12096,3491.016
B0006,13,1.92328,3.569207,2.47537,4.176316,-1.988732,32.110212,3470.281
B0006,14,1.91189,3.565927,2.342365,4.177992,-1.98872,31.989061,3470.0
B0006,15,1.901067,3.561242,2.1884,4.17744,-1.988787,31.878814,3450.297
B0006,16,1.889199,3.557882,2.120698,4.175616,-1.988591,31.767451,3429.407
B0006,17,1.878278,3.562824,2.369981,4.177603,-1.988489,31.789916,3409.484
B0006,18,1.86757,3.559195,2.247992,4.176355,-1.988347,31.828835,3390.422
B0006,19,1.867589,3.558091,2.411532,4.17745,-1.977455,31.890449,3390.281
B0006,20,1.979627,3.565899,2.203356,4.174584,-1.989235,31.511771,3591.734
B0006,21,1.95755,3.570814,2.358878,4.175224,-1.989047,31.874488,3552.297
B0006,22,1.945815,3.566682,2.218673,4.177217,-1.988683,31.539115,3531.578
B0006,23,1.924246,3.566839,2.339723,4.176682,-1.988545,31.220867,3492.907
B0006,24,1.945981,3.571052,2.399751,4.190384,-1.988564,31.119005,3511.594
B0006,25,1.901408,3.566631,2.491411,4.176973,-1.988056,31.033244,3431.937
B0006,26,1.878674,3.552739,2.13873,4.173452,-1.977297,31.001249,3431.125
B0006,27,1.868306,3.556096,2.346064,4.176459,-1.977169,30.921435,3412.406
B0006,28,1.856024,3.55045,2.327338,4.176261,-1.966039,30.92936,3410.688
B0006,29,1.8452,3.546007,2.486312,4.172856,-1.944599,31.00811,3410.718
B0006,30,1.857229,3.554258,2.292166,4.188188,-1.976916,30.967795,3392.719
B0006,31,1.924776,3.555857,2.434301,4.189992,-1.999755,31.100972,3470.672
B0006,32,1.882232,3.553731,2.47262,4.186982,-1.988434,31.307369,3414.109
B0006,33,1.855277,3.545265,2.403422,4.186483,-1.977131,31.13134,3395.219
B0006,34,1.839251,3.538409,2.400668,4.187722,-1.965706,30.828714,3386.0
B0006,35,1.81854,3.529769,2.31943,4.184171,-1.954249,30.761533,3368.187
B0006,36,1.813477,3.530068,2.340173,4.18678,-1.949061,31.303057,3368.266
B0006,37,1.797102,3.524888,2.38296,4.186483,-1.937355,31.064321,3358.719
B0006,38,1.781005,3.519093,2.351856,4.184742,-1.93126,30.966547,3339.5
B0006,39,1.771013,3.515181,2.35351,4.186114,-1.925414,30.826456,3331.265
B0006,40,1.760471,3.514029,2.394806,4.186378,-1.919844,31.080769,3321.188
B0006,41,1.750291,3.51414,2.441886,4.185743,-1.908733,31.694288,3321.844
B0006,42,1.739493,3.509578,2.391849,4.184995,-1.902768,31.875582,3311.828
B0006,43,1.754677,3.511071,2.316615,4.175623,-1.909325,31.543288,3327.391
B0006,44,1.765939,3.515918,2.411099,4.191705,-1.930637,31.420983,3312.078
B0006,45,1.733789,3.505853,2.451013,4.185468,-1.907114,31.158371,3293.172
B0006,46,1.713326,3.501038,2.471216,4.184202,-1.895354,31.156614,3275.328
B0006,47,1.702408,3.497408,2.470969,4.185839,-1.889271,31.206611,3265.016
B0006,48,1.823719,3.538887,2.428802,4.172917,-1.981936,33.611693,3328.937
B0006,49,1.808128,3.532743,2.355143,4.186982,-1.965328,32.856301,3329.266
B0006,50,1.775761,3.521215,2.365934,4.186538,-1.947064,32.210982,3301.579
B0006,51,1.744741,3.509311,2.348196,4.182282,-1.924163,31.96509,3283.563
B0006,52,1.729207,3.507161,2.469459,4.185962,-1.912447,31.744802,3275.125
B0006,53,1.708109,3.500929,2.466672,4.183657,-1.895021,31.876564,3265.656
B0006,54,1.697595,3.497302,2.448293,4.18439,-1.883708,32.242893,3266.093
B0006,55,1.682063,3.492904,2.474522,4.184733,-1.871665,32.073056,3257.594
B0006,56,1.671477,3.488659,2.469128,4.185836,-1.865481,32.030141,3248.593
B0006,57,1.660759,3.482293,2.417717,4.185703,-1.85929,31.984936,3238.766
B0006,58,1.651121,3.477576,2.377513,4.184887,-1.848156,32.236774,3240.14
B0006,59,1.640135,3.478744,2.443724,4.184567,-1.841574,32.560971,3230.109
B0006,60,1.6292,3.474015,2.432428,4.184591,-1.829753,32.48985,3229.781
B0006,61,1.60885,3.471839,2.494086,4.181227,-1.817086,32.426122,3212.469
B0006,62,1.603524,3.46318,2.382347,4.182602,-1.811156,32.299843,3213.219
B0006,63,1.598971,3.463469,2.406668,4.183991,-1.811306,32.610758,3203.578
B0006,64,1.587627,3.460218,2.420414,4.182425,-1.803802,32.256994,3195.125
B0006,65,1.582972,3.462575,2.450785,4.190985,-1.798244,32.471934,3195.313
B0006,66,1.567138,3.453708,2.393033,4.18186,-1.785796,32.402193,3186.297
B0006,67,1.561345,3.451404,2.3939,4.183449,-1.785075,32.309874,3176.438
B0006,68,1.551171,3.450781,2.437329,4.182944,-1.778592,32.354405,3167.593
B0006,69,1.540674,3.446106,2.370533,4.182593,-1.772787,32.473136,3167.719
B0006,70,1.525314,3.441815,2.351295,4.177556,-1.760181,32.523346,3159.078
B0006,71,1.530157,3.445008,2.436846,4.1832,-1.765303,32.518265,3148.829
B0006,72,1.524657,3.441165,2.390305,4.183586,-1.759349,32.543707,3149.094
B0006,73,1.514549,3.443621,2.489216,4.18317,-1.752617,32.562223,3140.547
B0006,74,1.509392,3.439943,2.450611,4.183502,-1.751695,32.58978,3131.625
B0006,75,1.503997,3.436027,2.411195,4.183243,-1.751043,32.570896,3121.907
B0006,76,1.49352,3.436309,2.460914,4.182038,-1.738875,32.537854,3122.125
B0006,77,1.487632,3.43047,2.37842,4.18244,-1.738623,32.656451,3121.672
B0006,78,1.530288,3.441731,2.38447,4.189963,-1.787076,33.180785,3120.86
B0006,79,1.504076,3.435543,2.44864,4.181214,-1.761268,32.712208,3103.828
B0006,80,1.488759,3.427234,2.36287,4.182158,-1.754553,32.543944,3095.094
B0006,81,1.478278,3.430754,2.479713,4.180249,-1.736425,32.665541,3095.781
B0006,82,1.47846,3.43088,2.46099,4.182776,-1.737169,33.160923,3094.328
B0006,83,1.473215,3.431985,2.479451,4.182971,-1.735818,33.414446,3086.531
B0006,84,1.467516,3.426914,2.421514,4.182588,-1.72973,33.354168,3085.625
B0006,85,1.451629,3.422042,2.392799,4.180388,-1.727867,33.136346,3067.203
B0006,86,1.451924,3.420269,2.410475,4.182476,-1.726907,32.922418,3058.157
B0006,87,1.447148,3.424821,2.491533,4.182568,-1.7212,33.203385,3058.812
B0006,88,1.446854,3.423499,2.444862,4.182606,-1.721141,33.533951,3058.578
B0006,89,1.441674,3.424742,2.484076,4.183048,-1.720055,33.576793,3049.328
B0006,90,1.593587,3.450702,2.479017,4.222516,-1.821048,33.224088,3177.219
B0006,91,1.54639,3.448048,2.482067,4.190937,-1.821446,33.370833,3082.937
B0006,92,1.514706,3.439948,2.452449,4.183029,-1.789916,33.433666,3074.266
B0006,93,1.498979,3.434113,2.419849,4.183894,-1.776935,33.286767,3066.0
B0006,94,1.483111,3.43256,2.470682,4.183984,-1.764003,33.143477,3056.437
B0006,95,1.472966,3.427061,2.41376,4.18364,-1.75717,33.110215,3048.219
B0006,96,1.46276,3.42734,2.45625,4.183387,-1.750267,33.189918,3039.218
B0006,97,1.451836,3.423482,2.401795,4.183563,-1.743961,33.262654,3039.047
B0006,98,1.446867,3.422096,2.408769,4.181712,-1.736851,33.299979,3030.375
B0006,99,1.44138,3.421884,2.430812,4.183247,-1.736005,33.316635,3021.0
B0006,100,1.431211,3.419578,2.398886,4.18305,-1.72969,33.391506,3021.75
B0006,101,1.426025,3.417528,2.381438,4.183092,-1.728795,33.415224,3012.265
B0006,102,1.420488,3.419786,2.459885,4.181537,-1.721673,33.396909,3002.641
B0006,103,1.420701,3.417137,2.400729,4.172034,-1.722816,33.73732,3012.0
B0006,104,1.452256,3.430535,2.472831,4.188428,-1.748664,34.089653,3020.11
B0006,105,1.431558,3.425084,2.467319,4.181499,-1.734516,33.998729,3002.172
B0006,106,1.415016,3.417134,2.369246,4.179546,-1.727157,33.907397,2992.703
B0006,107,1.409731,3.417521,2.448262,4.181016,-1.730518,33.705184,2964.468
B0006,108,1.404917,3.418162,2.459863,4.182668,-1.714144,33.745883,2983.375
B0006,109,1.395164,3.420332,2.49787,4.179948,-1.706782,34.016572,2975.297
B0006,110,1.394534,3.419292,2.472237,4.182316,-1.70636,34.175023,2974.985
B0006,111,1.389317,3.414352,2.427875,4.183006,-1.70527,33.97611,2966.25
B0006,112,1.383838,3.412701,2.427591,4.182505,-1.704627,33.841504,2956.359
B0006,113,1.373681,3.41041,2.373379,4.179533,-1.69855,34.100846,2956.344
B0006,114,1.378606,3.414419,2.42486,4.182505,-1.698235,34.346637,2956.406
B0006,115,1.37376,3.413171,2.426963,4.182823,-1.697117,34.216232,2947.266
B0006,116,1.368258,3.410702,2.417288,4.182414,-1.69592,34.041617,2937.984
B0006,117,1.363302,3.408906,2.418509,4.182451,-1.695316,33.890213,2929.125
B0006,118,1.358097,3.413408,2.480937,4.181306,-1.689038,34.116762,2928.454
B0006,119,1.353269,3.411221,2.407821,4.180487,-1.68924,34.490494,2929.375
B0006,120,1.384161,3.415521,2.433235,4.16357,-1.710201,34.237448,2946.031
B0006,121,1.405147,3.422984,2.440823,4.190013,-1.730245,34.414289,2955.438
B0006,122,1.378719,3.414757,2.396078,4.182418,-1.715247,34.164452,2937.625
B0006,123,1.368266,3.414359,2.449307,4.182071,-1.70134,33.877147,2929.078
B0006,124,1.357315,3.409189,2.384185,4.182702,-1.700437,33.839566,2918.375
B0006,125,1.352493,3.41193,2.444076,4.18227,-1.687353,33.818305,2919.812
B0006,126,1.34741,3.409442,2.429601,4.182395,-1.691929,33.812621,2900.422
B0006,127,1.337008,3.40819,2.410223,4.182062,-1.685295,33.798946,2901.375
B0006,128,1.331235,3.407379,2.409893,4.182289,-1.678743,33.702724,2901.187
B0006,129,1.32593,3.408586,2.453938,4.179662,-1.671214,33.635627,2891.64
B0006,130,1.321579,3.404844,2.39404,4.181393,-1.676893,33.690724,2882.906
B0006,131,1.321225,3.408106,2.451347,4.1821,-1.670119,33.71317,2883.265
B0006,132,1.315649,3.409173,2.475015,4.182054,-1.663475,33.653766,2882.969
B0006,133,1.320903,3.411082,2.456918,4.168816,-1.664588,33.983578,2891.656
B0006,134,1.347433,3.416749,2.438241,4.190149,-1.691838,33.816348,2901.25
B0006,135,1.326013,3.416969,2.49464,4.187197,-1.671198,33.60692,2891.703
B0006,136,1.310119,3.410576,2.436746,4.182323,-1.663277,33.473506,2883.016
B0006,137,1.305216,3.411334,2.485869,4.182282,-1.655909,33.209179,2873.453
B0006,138,1.300406,3.408128,2.395755,4.181394,-1.656101,33.58089,2874.031
B0006,139,1.300236,3.412573,2.450468,4.182109,-1.649326,33.764009,2874.234
B0006,140,1.289507,3.407694,2.394203,4.181211,-1.648113,33.570036,2864.984
B0006,141,1.279253,3.40735,2.430384,4.180184,-1.640254,33.272051,2855.093
B0006,142,1.279208,3.409292,2.475563,4.181642,-1.633915,33.127409,2855.625
B0006,143,1.274037,3.409549,2.446712,4.18185,-1.634024,33.439117,2855.594
B0006,144,1.274127,3.410319,2.460711,4.181709,-1.632488,33.482875,2847.437
B0006,145,1.263764,3.409269,2.461979,4.178726,-1.619261,33.221363,2847.36
B0006,146,1.258137,3.409437,2.499908,4.181149,-1.617824,32.985627,2837.328
B0006,147,1.25326,3.403885,2.406157,4.181247,-1.618102,32.970183,2837.281
B0006,148,1.253231,3.406593,2.409214,4.182125,-1.618099,33.310187,2838.515
B0006,149,1.248087,3.409593,2.47054,4.179545,-1.610354,33.234067,2828.328
B0006,150,1.253435,3.40941,2.499684,4.164242,-1.611644,33.117657,2838.265
B0006,151,1.289805,3.419549,2.48397,4.189239,-1.642036,33.78417,2864.547
B0006,152,1.26354,3.41518,2.46754,4.180843,-1.619481,33.80644,2846.39
B0006,153,1.247976,3.415459,2.494644,4.181238,-1.604864,33.637358,2837.969
B0006,154,1.23212,3.413034,2.457738,4.179828,-1.59164,33.581959,2838.156
B0006,155,1.227114,3.409452,2.409865,4.180793,-1.590111,33.562456,2829.843
B0006,156,1.22174,3.41385,2.479418,4.181365,-1.576775,33.511127,2829.625
B0006,157,1.211103,3.410901,2.434585,4.180595,-1.575263,33.536759,2819.437
B0006,158,1.205616,3.410574,2.425683,4.181424,-1.568464,33.498031,2819.579
B0006,159,1.200894,3.409651,2.417924,4.181922,-1.567129,33.516977,2810.672
B0006,160,1.19059,3.412858,2.454158,4.179594,-1.553799,33.531923,2811.485
B0006,161,1.185179,3.413451,2.463616,4.180558,-1.552183,33.567636,2802.422
B0006,162,1.179671,3.414388,2.470375,4.181414,-1.545265,33.604931,2801.625
B0006,163,1.174595,3.412419,2.435763,4.180815,-1.538652,33.542814,2802.031
B0006,164,1.153818,3.41481,2.48119,4.169704,-1.516972,33.472459,2793.39
B0006,165,1.164401,3.416618,2.491537,4.180284,-1.52385,33.582104,2793.39
B0006,166,1.158797,3.412134,2.409041,4.18117,-1.523793,33.663461,2792.485
B0006,167,1.174975,3.4197,2.475768,4.157552,-1.539131,33.730546,2802.016
B0006,168,1.185675,3.423469,2.416044,4.188512,-1.54267,33.891282,2820.39
B0018,1,1.855005,3.527546,2.472161,4.188196,-1.954176,31.773285,3434.891
B0018,2,1.843196,3.534836,2.411438,4.186704,-1.947437,31.924892,3425.485
B0018,3,1.839602,3.538247,2.394396,4.188811,-1.952051,31.316913,3410.375
B0018,4,1.830674,3.537698,2.399948,4.188875,-1.946091,30.821191,3404.719
B0018,5,1.8327,3.542668,2.385146,4.189909,-1.94128,31.95347,3417.641
B0018,6,1.828529,3.545104,2.371677,4.19051,-1.940034,32.023112,3411.766
B0018,7,1.821201,3.547514,2.496449,4.190324,-1.933567,31.634533,3399.516
B0018,8,1.81517,3.544812,2.437451,4.190302,-1.933216,31.288195,3388.75
B0018,9,1.804298,3.543478,2.415221,4.188518,-1.932596,31.111225,3380.406
B0018,10,1.8231,3.543133,2.377432,4.191794,-1.938752,31.13167,3404.141
B0018,11,1.812125,3.545155,2.388749,4.190699,-1.931925,31.513058,3396.141
B0018,12,1.804692,3.545032,2.43229,4.190263,-1.924959,31.311026,3384.094
B0018,13,1.790844,3.544089,2.497496,4.189705,-1.917953,30.893965,3370.656
B0018,14,1.783471,3.541317,2.478769,4.188354,-1.917373,30.540599,3357.797
B0018,15,1.780939,3.541198,2.385849,4.193543,-1.918065,30.82566,3363.015
B0018,16,1.771209,3.541255,2.372854,4.190238,-1.910603,31.451401,3357.734
B0018,17,1.76863,3.542748,2.408691,4.190757,-1.909405,31.518848,3344.187
B0018,18,1.75363,3.541251,2.496332,4.189715,-1.896057,31.112373,3339.969
B0018,19,1.74622,3.535026,2.41999,4.187636,-1.894841,30.586453,3327.641
B0018,20,1.737665,3.532663,2.358732,4.191005,-1.900214,30.242913,3312.844
B0018,21,1.731517,3.533311,2.44581,4.190697,-1.893677,30.102704,3302.031
B0018,22,1.708595,3.527387,2.380854,4.185878,-1.873972,30.251185,3305.547
B0018,23,1.71147,3.529603,2.436956,4.188109,-1.879176,30.212408,3289.562
B0018,24,1.707502,3.528971,2.467137,4.188302,-1.878056,30.125011,3283.797
B0018,25,1.749238,3.532274,2.412937,4.189625,-1.899372,30.224286,3325.235
B0018,26,1.73277,3.532438,2.349777,4.190151,-1.892696,30.976376,3317.547
B0018,27,1.722231,3.536321,2.49047,4.189151,-1.878367,31.415703,3311.766
B0018,28,1.711846,3.533535,2.465091,4.189631,-1.870834,31.3833,3305.218
B0018,29,1.699268,3.527013,2.363133,4.18769,-1.869657,31.167938,3295.453
B0018,30,1.694037,3.529257,2.479062,4.190215,-1.862373,30.99469,3287.0
B0018,31,1.681903,3.527821,2.491906,4.189776,-1.854784,31.055318,3276.922
B0018,32,1.676977,3.525693,2.433718,4.189846,-1.853877,31.373946,3268.687
B0018,33,1.665523,3.524396,2.442451,4.18811,-1.845735,31.561284,3260.594
B0018,34,1.657192,3.520798,2.438342,4.186369,-1.838254,31.318475,3258.812
B0018,35,1.648224,3.519457,2.415725,4.190166,-1.843568,31.104012,3243.422
B0018,36,1.63877,3.513166,2.323396,4.189966,-1.837045,30.98973,3236.515
B0018,37,1.627649,3.517217,2.498504,4.18826,-1.82119,30.967852,3230.734
B0018,38,1.622154,3.512009,2.350237,4.18974,-1.827045,31.285342,3222.093
B0018,39,1.614007,3.509111,2.333774,4.186236,-1.819052,31.410962,3220.344
B0018,40,1.676052,3.516107,2.317647,4.189625,-1.869375,30.755137,3250.75
B0018,41,1.649301,3.51901,2.492395,4.186586,-1.83977,30.977447,3239.344
B0018,42,1.632383,3.512421,2.372828,4.189366,-1.837963,30.800512,3222.25
B0018,43,1.616416,3.508152,2.35607,4.188554,-1.829611,30.616193,3206.157
B0018,44,1.610903,3.508649,2.464443,4.188765,-1.821083,30.399839,3197.969
B0018,45,1.595464,3.505199,2.419517,4.188637,-1.81992,30.383868,3181.625
B0018,46,1.726707,3.523165,2.342241,4.188466,-1.895116,30.57624,3302.36
B0018,47,1.716567,3.52727,2.375547,4.189571,-1.886769,30.705906,3285.812
B0018,48,1.695824,3.526763,2.414629,4.189585,-1.878663,30.625836,3260.016
B0018,49,1.677778,3.52302,2.384465,4.189371,-1.870475,30.597357,3240.031
B0018,50,1.660659,3.519792,2.398646,4.187606,-1.856283,30.528494,3232.265
B0018,51,1.666411,3.525101,2.455713,4.188829,-1.862535,31.203754,3232.031
B0018,52,1.646834,3.518519,2.323666,4.189202,-1.860683,31.172639,3209.515
B0018,53,1.625764,3.51908,2.488054,4.186779,-1.838364,30.968259,3196.125
B0018,54,1.612158,3.511417,2.330694,4.187889,-1.843696,30.821704,3172.562
B0018,55,1.605737,3.510804,2.3894,4.189158,-1.836273,30.76522,3172.735
B0018,56,1.673645,3.514326,2.48642,4.19129,-1.86469,30.809988,3238.109
B0018,57,1.640435,3.519666,2.467363,4.190628,-1.857265,31.039034,3191.063
B0018,58,1.613265,3.512404,2.375173,4.189158,-1.848345,31.041765,3165.828
B0018,59,1.592096,3.507786,2.371626,4.185868,-1.839168,30.959784,3140.407
B0018,60,1.586601,3.50766,2.463956,4.186907,-1.830333,30.843513,3131.922
B0018,61,1.580077,3.507483,2.475545,4.189576,-1.829291,30.797157,3121.109
B0018,62,1.564173,3.502387,2.379156,4.189809,-1.827845,30.984435,3105.265
B0018,63,1.555618,3.503693,2.477616,4.188889,-1.81882,30.967899,3091.25
B0018,64,1.540205,3.498995,2.420555,4.188221,-1.817194,30.976616,3076.703
B0018,65,1.532161,3.495406,2.415388,4.186454,-1.815798,30.89769,3062.328
B0018,66,1.531623,3.494528,2.397421,4.189567,-1.822108,30.815688,3050.563
B0018,67,1.52226,3.496255,2.497753,4.189298,-1.812963,30.726188,3034.672
B0018,68,1.506527,3.487696,2.372609,4.186793,-1.804488,30.768187,3031.25
B0018,69,1.501422,3.486548,2.368443,4.188595,-1.809986,30.775415,3011.343
B0018,70,1.496353,3.482298,2.331969,4.186295,-1.80904,30.761822,3003.0
B0018,71,1.533426,3.491819,2.405776,4.187384,-1.827369,30.913722,3045.187
B0018,72,1.523845,3.493996,2.472084,4.188929,-1.818039,31.228216,3028.469
B0018,73,1.501192,3.484377,2.342731,4.18527,-1.808535,31.26168,3012.937
B0018,74,1.492418,3.485912,2.419865,4.187998,-1.806804,31.184086,2998.875
B0018,75,1.483324,3.484279,2.43888,4.187899,-1.805019,31.001432,2983.547
B0018,76,1.480738,3.482989,2.430466,4.188292,-1.811856,30.981374,2966.86
B0018,77,1.473508,3.4838,2.490727,4.18741,-1.802153,31.088688,2954.797
B0018,78,1.468019,3.478754,2.367833,4.188657,-1.809295,31.33642,2945.735
B0018,79,1.458092,3.475219,2.35327,4.188199,-1.800031,31.226,2941.375
B0018,80,1.447866,3.47074,2.362898,4.184528,-1.79813,31.037323,2923.953
B0018,81,1.452781,3.474601,2.4202,4.192768,-1.805825,30.811349,2921.031
B0018,82,1.442536,3.474052,2.472606,4.187874,-1.795956,30.932223,2902.75
B0018,83,1.439271,3.475076,2.483165,4.188056,-1.795106,31.215527,2897.875
B0018,84,1.428648,3.472424,2.434199,4.188063,-1.79401,31.400797,2892.094
B0018,85,1.424903,3.471751,2.497859,4.185913,-1.784159,31.259213,2886.921
B0018,86,1.469812,3.474541,2.374741,4.18726,-1.813632,31.134701,2942.531
B0018,87,1.452582,3.47172,2.358934,4.187671,-1.81096,31.24688,2912.469
B0018,88,1.442834,3.471398,2.441327,4.187836,-1.800802,31.027559,2895.594
B0018,89,1.428376,3.462649,2.31142,4.187195,-1.798648,30.931917,2884.406
B0018,90,1.415455,3.466073,2.495316,4.18334,-1.780407,30.667082,2873.766
B0018,91,1.454577,3.473067,2.439848,4.19221,-1.816713,31.226789,2893.375
B0018,92,1.428318,3.466855,2.376538,4.186622,-1.798127,31.387733,2884.984
B0018,93,1.419703,3.465274,2.37223,4.186946,-1.796444,31.505667,2870.234
B0018,94,1.415561,3.463888,2.361476,4.18744,-1.795371,31.546226,2864.11
B0018,95,1.40568,3.457808,2.317938,4.184598,-1.793718,31.389978,2846.64
B0018,96,1.408446,3.459814,2.337286,4.186742,-1.801452,31.385434,2839.532
B0018,97,1.396855,3.458028,2.352881,4.187152,-1.791522,31.423707,2832.703
B0018,98,1.393567,3.4614,2.464612,4.187096,-1.781694,31.435369,2827.078
B0018,99,1.389364,3.461129,2.468466,4.187367,-1.779738,31.542375,2821.531
B0018,100,1.378565,3.455557,2.409292,4.185346,-1.785653,31.526697,2805.156
B0018,101,1.384901,3.459598,2.477625,4.186647,-1.778407,31.435922,2814.906
B0018,102,1.370325,3.450657,2.335609,4.184731,-1.777841,31.475238,2801.156
B0018,103,1.373346,3.455515,2.441999,4.187176,-1.776446,31.581745,2794.187
B0018,104,1.367949,3.45584,2.465169,4.186108,-1.775275,31.647959,2785.391
B0018,105,1.356714,3.448678,2.370892,4.18346,-1.774201,31.662032,2779.5
B0018,106,1.460431,3.474503,2.46188,4.187092,-1.819665,30.434501,2899.234
B0018,107,1.4501,3.474032,2.424707,4.187369,-1.809684,31.017997,2894.922
B0018,108,1.438141,3.474404,2.444722,4.187598,-1.799329,31.394838,2888.25
B0018,109,1.428368,3.471767,2.443569,4.187609,-1.795942,31.245119,2873.906
B0018,110,1.414787,3.468531,2.4666,4.186194,-1.795602,31.053069,2847.406
B0018,111,1.413889,3.465121,2.427251,4.186991,-1.792954,30.885893,2849.281
B0018,112,1.398933,3.465288,2.476263,4.185443,-1.784474,31.053992,2833.688
B0018,113,1.395332,3.4618,2.360799,4.186308,-1.793581,31.49284,2826.453
B0018,114,1.390046,3.46326,2.377012,4.187179,-1.792065,31.938327,2818.312
B0018,115,1.386027,3.462839,2.456756,4.185446,-1.780954,31.745627,2812.719
B0018,116,1.388215,3.456915,2.327731,4.193052,-1.798985,31.310185,2803.5
B0018,117,1.376183,3.457469,2.453791,4.186242,-1.787323,31.12736,2783.25
B0018,118,1.364717,3.450219,2.347561,4.186011,-1.786167,30.985551,2776.391
B0018,119,1.358985,3.448673,2.355835,4.186756,-1.785,30.899653,2766.516
B0018,120,1.346231,3.444633,2.37911,4.183155,-1.778331,30.706124,2751.516
B0018,121,1.426843,3.467273,2.444741,4.19199,-1.809776,30.471222,2848.859
B0018,122,1.406448,3.46449,2.431868,4.185629,-1.789669,30.939222,2840.016
B0018,123,1.393491,3.459667,2.344037,4.186834,-1.79701,31.111641,2817.375
B0018,124,1.388249,3.462242,2.456437,4.186613,-1.786151,31.03791,2809.234
B0018,125,1.370188,3.455566,2.395548,4.183907,-1.784162,30.967951,2791.187
B0018,126,1.379695,3.458696,2.453675,4.185339,-1.784526,30.939962,2794.016
B0018,127,1.368659,3.452528,2.306273,4.18528,-1.792067,31.295019,2774.719
B0018,128,1.362737,3.455229,2.347109,4.186282,-1.78278,31.818465,2777.844
B0018,129,1.363405,3.461974,2.488429,4.185356,-1.772521,32.000672,2781.125
B0018,130,1.351865,3.452222,2.399218,4.181407,-1.76987,31.739922,2760.906
B0018,131,1.354797,3.44765,2.278634,4.185252,-1.788485,31.526136,2753.25
B0018,132,1.341051,3.447929,2.365585,4.185763,-1.77774,31.276245,2742.843
