battery_id,discharge_cycle,capacity_Ah
B0005,1,1.8564874208181574
B0005,2,1.846327249719927
B0005,3,1.8353491942234077
B0005,4,1.8352625275821128
B0005,5,1.8346455082120419
B0005,6,1.8356616600675495
B0005,7,1.8351461429226603
B0005,8,1.8257567905665537
B0005,9,1.8247738529891333
B0005,10,1.824613268496936
B0005,11,1.8246195526864504
B0005,12,1.8142019357673917
B0005,13,1.8137521577549054
B0005,14,1.8134404914735822
B0005,15,1.8025980036306504
B0005,16,1.80210690024615
B0005,17,1.802579500826209
B0005,18,1.8030683142834096
B0005,19,1.8027776247196041
B0005,20,1.8470259949329193
B0005,21,1.847417311283644
B0005,22,1.8361774213478947
B0005,23,1.8257807475776242
B0005,24,1.8251136435078368
B0005,25,1.8255815042203762
B0005,26,1.8140311275083907
B0005,27,1.8147691941158939
B0005,28,1.813969388710352
B0005,29,1.802765665167823
B0005,30,1.804077040117352
B0005,31,1.8518025516704486
B0005,32,1.8307038456739428
B0005,33,1.8199041089501267
B0005,34,1.8093079637028517
B0005,35,1.80460990458052
B0005,36,1.7993770651972192
B0005,37,1.7884432335370462
B0005,38,1.7829230484252723
B0005,39,1.7730337158018288
B0005,40,1.773037755078937
B0005,41,1.7678721106662054
B0005,42,1.7623150704093087
B0005,43,1.7676172924938447
B0005,44,1.762668359743147
B0005,45,1.7517304870664143
B0005,46,1.7418496047960008
B0005,47,1.7360913511847138
B0005,48,1.7936240148573608
B0005,49,1.7831890223273275
B0005,50,1.7673642076278957
B0005,51,1.7570177850353066
B0005,52,1.7468706179837907
B0005,53,1.7417172507457144
B0005,54,1.7364225056478186
B0005,55,1.7263217239235826
B0005,56,1.7158065389330133
B0005,57,1.710533351135192
B0005,58,1.706014499648521
B0005,59,1.7003110272642588
B0005,60,1.6945798601797895
B0005,61,1.6849029086609286
B0005,62,1.6744741591159717
B0005,63,1.6745692479879102
B0005,64,1.663716375981405
B0005,65,1.659013868748246
B0005,66,1.6538540573335014
B0005,67,1.642653782130131
B0005,68,1.6378578430223698
B0005,69,1.6327350407099108
B0005,70,1.6277528915533617
B0005,71,1.622125485521159
B0005,72,1.6113256603765849
B0005,73,1.6065631397488385
B0005,74,1.6015142233917594
B0005,75,1.590369231400328
B0005,76,1.5857889968242211
B0005,77,1.5849430707374117
B0005,78,1.5955263892495937
B0005,79,1.5747301747801037
B0005,80,1.5649019950937946
B0005,81,1.5597659473370362
B0005,82,1.5594815668184234
B0005,83,1.55468935359061
B0005,84,1.5488741079890418
B0005,85,1.538236598942558
B0005,86,1.527914258251028
B0005,87,1.5285252629756445
B0005,88,1.522647325284378
B0005,89,1.5174859938489869
B0005,90,1.605818899130659
B0005,91,1.5638491446744425
B0005,92,1.5480915247767786
B0005,93,1.5323755631868592
B0005,94,1.5269528268489705
B0005,95,1.5169573017136326
B0005,96,1.5118975960142693
B0005,97,1.5065638960681105
B0005,98,1.5015453526671363
B0005,99,1.4908444050400238
B0005,100,1.485868384561201
B0005,101,1.480413677976106
B0005,102,1.4752095869031632
B0005,103,1.4859035988304024
B0005,104,1.4960918298136696
B0005,105,1.4808005946928984
B0005,106,1.4697543268466824
B0005,107,1.4539012274845928
B0005,108,1.4541462067235693
B0005,109,1.455023751906683
B0005,110,1.449042163761236
B0005,111,1.4386709371480566
B0005,112,1.433445432156979
B0005,113,1.4333958900838095
B0005,114,1.42806487344776
B0005,115,1.4229203181741186
B0005,116,1.417429032731308
B0005,117,1.412409228794446
B0005,118,1.412578792940193
B0005,119,1.4075983731469897
B0005,120,1.4333920485221476
B0005,121,1.4382550176792908
B0005,122,1.4173547174485526
B0005,123,1.406981663677643
B0005,124,1.4012037783587625
B0005,125,1.3967008232726328
B0005,126,1.391284788852726
B0005,127,1.3862287677978349
B0005,128,1.3804366761974138
B0005,129,1.3752364150256224
B0005,130,1.3705128024895008
B0005,131,1.3705085566270399
B0005,132,1.3647355108681518
B0005,133,1.375392016895762
B0005,134,1.3861115151535393
B0005,135,1.3698500035838939
B0005,136,1.3647827949260758
B0005,137,1.3543220466259964
B0005,138,1.3546417018378962
B0005,139,1.3547039213192407
B0005,140,1.349314997503458
B0005,141,1.3441891937970554
B0005,142,1.3389913790695755
B0005,143,1.3389145230206971
B0005,144,1.3340066759761655
B0005,145,1.3286444309174914
B0005,146,1.3231708992276219
B0005,147,1.3181691588445197
B0005,148,1.3184664436640334
B0005,149,1.318293040102702
B0005,150,1.323872422244268
B0005,151,1.3601216766554785
B0005,152,1.3395306867947354
B0005,153,1.3290286565120697
B0005,154,1.3236741274998955
B0005,155,1.318633896753293
B0005,156,1.3134751321324272
B0005,157,1.3132020634442203
B0005,158,1.3077959946944353
B0005,159,1.3030329186405918
B0005,160,1.3033573559038205
B0005,161,1.3034100438655642
B0005,162,1.2978870806495706
B0005,163,1.2980735056918902
B0005,164,1.293463613844243
B0005,165,1.288003392619118
B0005,166,1.2874525221379407
B0005,167,1.3090153642307354
B0005,168,1.3250793286429356
B0006,1,2.035337591005598
B0006,2,2.0251402460314116
B0006,3,2.013326371345464
B0006,4,2.0132846655407413
B0006,5,2.000528337624771
B0006,6,2.0138990759931645
B0006,7,2.013101105626967
B0006,8,1.9687898262728398
B0006,9,1.9681661764334244
B0006,10,1.9572307917560536
B0006,11,1.9455991514129352
B0006,12,1.9347505044841131
B0006,13,1.9232799539368028
B0006,14,1.911889930948487
B0006,15,1.9010667141979305
B0006,16,1.8891989948061458
B0006,17,1.878278372248849
B0006,18,1.8675697161520206
B0006,19,1.8675892574453767
B0006,20,1.979626548250818
B0006,21,1.9575499080884022
B0006,22,1.9458150170787551
B0006,23,1.9242461121680094
B0006,24,1.9459811331421641
B0006,25,1.901407930553079
B0006,26,1.878674213680085
B0006,27,1.8683061328264219
B0006,28,1.8560244070082998
B0006,29,1.8451997961855777
B0006,30,1.857228890885317
B0006,31,1.9247760889090635
B0006,32,1.8822317526092551
B0006,33,1.855276687885587
B0006,34,1.8392508917181876
B0006,35,1.8185396073994429
B0006,36,1.8134770059567056
B0006,37,1.7971018450305436
B0006,38,1.7810046294120476
B0006,39,1.7710130422682329
B0006,40,1.7604712448170943
B0006,41,1.7502913788006587
B0006,42,1.7394925037732578
B0006,43,1.7546766553637203
B0006,44,1.7659390941842175
B0006,45,1.7337887419624838
B0006,46,1.713325912040734
B0006,47,1.7024077813673466
B0006,48,1.82371946178183
B0006,49,1.8081284050314708
B0006,50,1.7757610945034283
B0006,51,1.7447409841836798
B0006,52,1.729207034132373
B0006,53,1.7081086552553244
B0006,54,1.6975954237461768
B0006,55,1.6820634524029463
B0006,56,1.6714768322295086
B0006,57,1.6607591387047655
B0006,58,1.651121015038069
B0006,59,1.6401349256190927
B0006,60,1.6291999416165441
B0006,61,1.6088496302961666
B0006,62,1.6035244898969248
B0006,63,1.5989712144027983
B0006,64,1.5876273123575604
B0006,65,1.5829719744686166
B0006,66,1.567137636713563
B0006,67,1.5613446139713882
B0006,68,1.5511711892790419
B0006,69,1.5406741606295171
B0006,70,1.5253138744624433
B0006,71,1.5301570318067428
B0006,72,1.5246566834474087
B0006,73,1.5145492986655427
B0006,74,1.509391504602082
B0006,75,1.5039974333050705
B0006,76,1.4935201918040188
B0006,77,1.4876323024497422
B0006,78,1.5302876214401704
B0006,79,1.5040760088360112
B0006,80,1.4887593608730894
B0006,81,1.4782779285546637
B0006,82,1.478459982215684
B0006,83,1.473214844899973
B0006,84,1.4675164935067897
B0006,85,1.4516292657521335
B0006,86,1.4519237720967177
B0006,87,1.4471484694777745
B0006,88,1.4468538105659885
B0006,89,1.4416741930284678
B0006,90,1.5935866593100128
B0006,91,1.5463902376915637
B0006,92,1.51470559175661
B0006,93,1.4989786083335404
B0006,94,1.4831110745410492
B0006,95,1.4729664825468278
B0006,96,1.4627604396099307
B0006,97,1.4518364681062514
B0006,98,1.4468670644030392
B0006,99,1.441380399427779
B0006,100,1.431210744960774
B0006,101,1.4260247179525716
B0006,102,1.420487649966195
B0006,103,1.4207006230355006
B0006,104,1.452255804330839
B0006,105,1.431557632772571
B0006,106,1.415015751158943
B0006,107,1.4097311506517451
B0006,108,1.404917318129309
B0006,109,1.395164296571563
B0006,110,1.3945343832614077
B0006,111,1.3893171179312644
B0006,112,1.3838379472327809
B0006,113,1.3736814238195123
B0006,114,1.3786059891863676
B0006,115,1.3737600299108574
B0006,116,1.3682580583942712
B0006,117,1.3633024037317505
B0006,118,1.3580966140172601
B0006,119,1.353269090999531
B0006,120,1.3841605738237488
B0006,121,1.4051467790651473
B0006,122,1.378719022627353
B0006,123,1.3682657783199066
B0006,124,1.3573151296618016
B0006,125,1.3524934638801596
B0006,126,1.3474099151661236
B0006,127,1.3370075130842318
B0006,128,1.3312352966718526
B0006,129,1.3259303781727643
B0006,130,1.321578743867529
B0006,131,1.321225074066109
B0006,132,1.3156485301862682
B0006,133,1.3209025697502388
B0006,134,1.3474328767273906
B0006,135,1.3260128072353616
B0006,136,1.3101186784831063
B0006,137,1.30521620229393
B0006,138,1.3004061951355774
B0006,139,1.300235735841116
B0006,140,1.2895066722480755
B0006,141,1.279253057384795
B0006,142,1.2792078171714618
B0006,143,1.274036760902923
B0006,144,1.2741273923001468
B0006,145,1.2637639426440779
B0006,146,1.2581373688955233
B0006,147,1.253259864055301
B0006,148,1.2532313315493426
B0006,149,1.2480874960313577
B0006,150,1.2534354284944844
B0006,151,1.2898048773266901
B0006,152,1.2635402021758835
B0006,153,1.2479761706842853
B0006,154,1.2321202877943334
B0006,155,1.2271137666213534
B0006,156,1.2217397581377356
B0006,157,1.211102678915174
B0006,158,1.2056159765131735
B0006,159,1.2008936262717274
B0006,160,1.1905903985558335
B0006,161,1.185179251041941
B0006,162,1.1796706818144624
B0006,163,1.1745952836753915
B0006,164,1.15381833159625
B0006,165,1.1644009557372264
B0006,166,1.1587974947916069
B0006,167,1.1749748834769171
B0006,168,1.1856752327929356
B0007,1,1.89105229539079
B0007,2,1.880637027686859
B0007,3,1.8806626717011388
B0007,4,1.8807709009833444
B0007,5,1.8794508728285058
B0007,6,1.8807003517117404
B0007,7,1.8799352523566075
B0007,8,1.8815088124038797
B0007,9,1.8696907870385844
B0007,10,1.870052380139199
B0007,11,1.8700442394188577
B0007,12,1.8596518987766364
B0007,13,1.8590746560862206
B0007,14,1.8590084577709232
B0007,15,1.8593622586957048
B0007,16,1.8587355450601035
B0007,17,1.847817291322145
B0007,18,1.8485252916137047
B0007,19,1.848378951850034
B0007,20,1.8807805437609766
B0007,21,1.8814721597443598
B0007,22,1.8810954313244785
B0007,23,1.8710089649779995
B0007,24,1.8701995151941375
B0007,25,1.8706715362800985
B0007,26,1.8596124644020169
B0007,27,1.860033909718346
B0007,28,1.8591653109160768
B0007,29,1.8481398178778288
B0007,30,1.849201702126164
B0007,31,1.8834677437950846
B0007,32,1.8628211117905844
B0007,33,1.852085039652352
B0007,34,1.8469504648208708
B0007,35,1.836828431169018
B0007,36,1.8371619619672275
B0007,37,1.8316722583718854
B0007,38,1.8211470951317783
B0007,39,1.816506091511515
B0007,40,1.8113815601504555
B0007,41,1.8116056333939583
B0007,42,1.8060548955557403
B0007,43,1.8132041826994056
B0007,44,1.8062641938283535
B0007,45,1.7958310249900458
B0007,46,1.7858852600390451
B0007,47,1.7803268604502753
B0007,48,1.8150756899575577
B0007,49,1.8157025154845838
B0007,50,1.8002432178056673
B0007,51,1.7904476205609308
B0007,52,1.780343032300132
B0007,53,1.775328769596812
B0007,54,1.7702629734732853
B0007,55,1.760081061854204
B0007,56,1.749647593537689
B0007,57,1.749650075059311
B0007,58,1.745028739214683
B0007,59,1.7396457455286727
B0007,60,1.7285642277717963
B0007,61,1.723900324588418
B0007,62,1.7139788776485192
B0007,63,1.7139701997004613
B0007,64,1.7036521173638766
B0007,65,1.7040137474382486
B0007,66,1.6935716157343033
B0007,67,1.6876577363877656
B0007,68,1.6830744356583152
B0007,69,1.6779270142025482
B0007,70,1.6732060275966172
B0007,71,1.6674367208253988
B0007,72,1.6622662630667526
B0007,73,1.6574243065763063
B0007,74,1.652538684928734
B0007,75,1.6472174627573322
B0007,76,1.6364136810898071
B0007,77,1.6362554312048496
B0007,78,1.641119179218384
B0007,79,1.6315700789656966
B0007,80,1.621213282987236
B0007,81,1.6164273214762122
B0007,82,1.615823510161921
B0007,83,1.61672418029789
B0007,84,1.6108655863730026
B0007,85,1.6006603374309376
B0007,86,1.5959174487005663
B0007,87,1.5962179519462243
B0007,88,1.5958065114633972
B0007,89,1.5906507821480704
B0007,90,1.6888211161855506
B0007,91,1.6259938279733204
B0007,92,1.6157433862812898
B0007,93,1.6056626764846538
B0007,94,1.5949746921524348
B0007,95,1.5904102438871945
B0007,96,1.5853517062988178
B0007,97,1.5799737147242376
B0007,98,1.5752185465278068
B0007,99,1.569798484648868
B0007,100,1.5702565375950357
B0007,101,1.565249873909438
B0007,102,1.559633933561147
B0007,103,1.5649820533392105
B0007,104,1.57497949984227
B0007,105,1.5652811168780458
B0007,106,1.559755497470126
B0007,107,1.549897685670499
B0007,108,1.5438771531345021
B0007,109,1.5450187488690073
B0007,110,1.5445940154102908
B0007,111,1.5343086721758876
B0007,112,1.5287603942958483
B0007,113,1.5289260249179843
B0007,114,1.529091650133123
B0007,115,1.5239059324661248
B0007,116,1.5186675419100615
B0007,117,1.5136482266426952
B0007,118,1.5136050185229033
B0007,119,1.5139470614867965
B0007,120,1.5339599193158786
B0007,121,1.5391372798653098
B0007,122,1.5236247972838737
B0007,123,1.5135813035589147
B0007,124,1.5077850749847914
B0007,125,1.5031960676037333
B0007,126,1.4978220596995881
B0007,127,1.492848534633516
B0007,128,1.492414389867026
B0007,129,1.487482776538081
B0007,130,1.482535148640411
B0007,131,1.4827874322228984
B0007,132,1.476971179775059
B0007,133,1.4819015554137276
B0007,134,1.4981366198874824
B0007,135,1.4820775214392872
B0007,136,1.4771155312812152
B0007,137,1.4720772783056488
B0007,138,1.472248013656454
B0007,139,1.4670106672274665
B0007,140,1.4617672495335379
B0007,141,1.4566952670489708
B0007,142,1.451354972758956
B0007,143,1.451615926257375
B0007,144,1.4468161332173683
B0007,145,1.4467570607768785
B0007,146,1.4413797481446793
B0007,147,1.4362456252208178
B0007,148,1.4368154153924828
B0007,149,1.4362945145860047
B0007,150,1.4418575315878015
B0007,151,1.4672063484781797
B0007,152,1.4518640367848885
B0007,153,1.4471379752748499
B0007,154,1.441790586562399
B0007,155,1.431630947911111
B0007,156,1.4318084249673686
B0007,157,1.4262562585106868
B0007,158,1.4260877528924913
B0007,159,1.4212633510031694
B0007,160,1.4163272748795108
B0007,161,1.4165781829175994
B0007,162,1.4108401729425177
B0007,163,1.4109949628347804
B0007,164,1.4061714290398801
B0007,165,1.4063358479692922
B0007,166,1.4004552399066514
B0007,167,1.4217865046055154
B0007,168,1.4324552720625434
B0018,1,1.8550045207910817
B0018,2,1.8431955317089987
B0018,3,1.8396018424355423
B0018,4,1.8306736044962053
B0018,5,1.8327002069419656
B0018,6,1.8285288846046388
B0018,7,1.8212011895697924
B0018,8,1.8151700106433282
B0018,9,1.8042980520967649
B0018,10,1.8231002302844226
B0018,11,1.8121253520255494
B0018,12,1.8046916382117766
B0018,13,1.790844349786295
B0018,14,1.783470722841926
B0018,15,1.7809386125310702
B0018,16,1.771209039672698
B0018,17,1.7686303996707076
B0018,18,1.7536304801917124
B0018,19,1.7462197416415093
B0018,20,1.7376647337053737
B0018,21,1.7315166735475835
B0018,22,1.7085949894470602
B0018,23,1.711469957068211
B0018,24,1.7075021373272627
B0018,25,1.7492382064360228
B0018,26,1.7327697147429955
B0018,27,1.7222313328292376
B0018,28,1.711846298984729
B0018,29,1.699267835126687
B0018,30,1.6940366439243106
B0018,31,1.6819027078768087
B0018,32,1.6769770618433686
B0018,33,1.6655229306478936
B0018,34,1.6571924575832084
B0018,35,1.6482241555294048
B0018,36,1.6387701497987262
B0018,37,1.6276486907262062
B0018,38,1.62215370227252
B0018,39,1.6140066510467586
B0018,40,1.6760516154424623
B0018,41,1.649300642552199
B0018,42,1.63238299185809
B0018,43,1.6164159719025777
B0018,44,1.6109028378249377
B0018,45,1.5954638693695657
B0018,46,1.726707440085764
B0018,47,1.7165673917429753
B0018,48,1.6958235570934848
B0018,49,1.6777783190792557
B0018,50,1.6606586897774192
B0018,51,1.6664109274827466
B0018,52,1.6468336174407805
B0018,53,1.6257639928779952
B0018,54,1.6121577411874595
B0018,55,1.6057366823755344
B0018,56,1.673645314879889
B0018,57,1.6404348572349936
B0018,58,1.6132653317422077
B0018,59,1.5920964324686278
B0018,60,1.5866011820698824
B0018,61,1.5800766490336253
B0018,62,1.5641732953289167
B0018,63,1.555618272193922
B0018,64,1.5402045278637397
B0018,65,1.5321613015959863
B0018,66,1.5316232403693415
B0018,67,1.5222595950771978
B0018,68,1.5065267126851283
B0018,69,1.5014219556532926
B0018,70,1.4963534117486457
B0018,71,1.5334262000312422
B0018,72,1.523845267514426
B0018,73,1.5011920994261239
B0018,74,1.492417671450291
B0018,75,1.483323851940123
B0018,76,1.4807376792294196
B0018,77,1.4735077809902477
B0018,78,1.46801928526661
B0018,79,1.4580923557119019
B0018,80,1.4478660988891399
B0018,81,1.4527808777541982
B0018,82,1.4425356364492432
B0018,83,1.4392712877203313
B0018,84,1.4286475681888218
B0018,85,1.4249026750004896
B0018,86,1.4698115324524124
B0018,87,1.4525819651050202
B0018,88,1.442834198908794
B0018,89,1.428376058807949
B0018,90,1.4154547844370715
B0018,91,1.454576670077708
B0018,92,1.4283179548274056
B0018,93,1.4197026883204058
B0018,94,1.4155606630306516
B0018,95,1.405680035419228
B0018,96,1.4084461071166137
B0018,97,1.3968547782872414
B0018,98,1.3935670371440676
B0018,99,1.3893644292809475
B0018,100,1.3785651415666713
B0018,101,1.384901110085747
B0018,102,1.3703251814242443
B0018,103,1.3733464385229082
B0018,104,1.3679487285504814
B0018,105,1.3567141087089647
B0018,106,1.4604310209194575
B0018,107,1.4500998937104097
B0018,108,1.4381406901824496
B0018,109,1.4283681980964316
B0018,110,1.4147874517552432
B0018,111,1.413889163393182
B0018,112,1.3989331662177225
B0018,113,1.3953322584033976
B0018,114,1.390046129540245
B0018,115,1.3860271454209647
B0018,116,1.388215260193751
B0018,117,1.3761826562394497
B0018,118,1.3647168898640165
B0018,119,1.3589854739373584
B0018,120,1.3462308764008801
B0018,121,1.4268427818454643
B0018,122,1.4064481483279663
B0018,123,1.3934907492075153
B0018,124,1.3882493512249316
B0018,125,1.3701878338420928
B0018,126,1.3796951665608619
B0018,127,1.3686586323935683
B0018,128,1.3627371779096438
B0018,129,1.3634051133928073
B0018,130,1.3518646035305233
B0018,131,1.3547969729652622
B0018,132,1.341051440640485
B0025,1,1.847011162956716
B0025,2,1.8485654344528386
B0025,3,1.847111177186175
B0025,4,1.8489837601535537
B0025,5,1.8370120718560439
B0025,6,1.817549211247137
B0025,7,1.839863822522073
B0025,8,1.8430595619731431
B0025,9,1.8401871729536057
B0025,10,1.8281265632888257
B0025,11,1.8253563336445804
B0025,12,1.8214180552626154
B0025,13,1.830315627968932
B0025,14,1.8175491643824844
B0025,15,1.810901200296979
B0025,16,1.8083032603084233
B0025,17,1.7928016149381065
B0025,18,1.812563150045885
B0025,19,1.807772607491239
B0025,20,1.8048055175003972
B0025,21,1.800538555899242
B0025,22,1.7942356098033032
B0025,23,1.807409052434889
B0025,24,1.7902504816962075
B0025,25,1.7961223845359495
B0025,26,1.7912236690350776
B0025,27,1.7854822365303245
B0025,28,1.7677890780323617
B0026,1,1.8132504303869899
B0026,2,1.8149760087078302
B0026,3,1.8135354175561993
B0026,4,1.815149273310334
B0026,5,1.8142913014068198
B0026,6,1.3863373424430125
B0026,7,1.8165277958816064
B0026,8,1.8085638576011063
B0026,9,1.804936077644182
B0026,10,1.8049315924982108
B0026,11,1.717679232699393
B0026,12,1.809804813280106
B0026,13,1.806556213274488
B0026,14,1.7938155707698507
B0026,15,1.799304949381792
B0026,16,1.7842197448470132
B0026,17,1.6818819918515189
B0026,18,1.8007519383961936
B0026,19,1.795972684272296
B0026,20,1.7931026940553298
B0026,21,1.8010267542068712
B0026,22,1.7824572301269948
B0026,23,1.7959303030608789
B0026,24,1.7783142127341003
B0026,25,1.771719092984802
B0026,26,1.7790749489536772
B0026,27,1.7733229782464675
B0026,28,1.768754111010884
B0027,1,1.8233077742149364
B0027,2,1.8142384651167962
B0027,3,1.8128596793130867
B0027,4,1.8144242446739973
B0027,5,1.812800333853042
B0027,6,1.7946038703195293
B0027,7,1.816519171293833
B0027,8,1.8198335565190242
B0027,9,1.816980986440728
B0027,10,1.8047602710768988
B0027,11,1.8021778881408677
B0027,12,1.810054375611175
B0027,13,1.8191618703574552
B0027,14,1.806344581230731
B0027,15,1.8120006378747944
B0027,16,1.809238569578753
B0027,17,1.7820717716005336
B0027,18,1.8145504562341046
B0027,19,1.809153485164282
B0027,20,1.8065551508093707
B0027,21,1.802401655959492
B0027,22,1.7964331683322998
B0027,23,1.8088036930508289
B0027,24,1.7915527748749653
B0027,25,1.7853375192239571
B0027,26,1.793209210325309
B0027,27,1.7873097711102113
B0027,28,1.7700926253324452
B0028,1,1.8046847720100736
B0028,2,1.8047833214525881
B0028,3,1.797618668222458
B0028,4,1.7929913687761174
B0028,5,1.7919180081592216
B0028,6,1.775026135903797
B0028,7,1.7920487852223415
B0028,8,1.790475801581265
B0028,9,1.7868365091987264
B0028,10,1.7871529619962185
B0028,11,1.7816340617009505
B0028,12,1.7850235136604733
B0028,13,1.7803865429693038
B0028,14,1.7789060856417256
B0028,15,1.7738387518973049
B0028,16,1.769682881523146
B0028,17,1.7408787283206992
B0028,18,1.7648189744011906
B0028,19,1.7617857390844023
B0028,20,1.75770610357021
B0028,21,1.7519375960601256
B0028,22,1.7521244035832177
B0028,23,1.7597714133989641
B0028,24,1.7483011320324189
B0028,25,1.7411482627836237
B0028,26,1.7363833316311177
B0028,27,1.736559066269527
B0028,28,1.7172335652295245
B0029,1,1.697507332205763
B0029,2,1.844701206961174
B0029,3,1.8254376674722927
B0029,4,1.815750429913437
B0029,5,1.8132993337127028
B0029,6,1.8151647619660576
B0029,7,1.8143317955190057
B0029,8,1.801343601809866
B0029,9,1.7881558802945825
B0029,10,1.7760714604539518
B0029,11,1.7852807447597443
B0029,12,1.7698116401111978
B0029,13,1.7565231680521758
B0029,14,1.7543413277348154
B0029,15,1.7392875506998715
B0029,16,1.7797845109331345
B0029,17,1.7657088508465202
B0029,18,1.7523941408724169
B0029,19,1.7380191225603105
B0029,20,1.7312214443143976
B0029,21,1.7379128985265808
B0029,22,1.7224270683625882
B0029,23,1.7184213765608034
B0029,24,1.7010220930648232
B0029,25,1.693698739563104
B0029,26,1.713072721286705
B0029,27,1.6976972688567131
B0029,28,1.6899314034061208
B0029,29,1.685023551367069
B0029,30,1.678389965463405
B0029,31,1.6737947494868326
B0029,32,1.6687898927884715
B0029,33,1.6492566306631427
B0029,34,1.6409676757039668
B0029,35,1.6456360229757092
B0029,36,1.654547743574037
B0029,37,1.6461201520877546
B0029,38,1.6275119188151763
B0029,39,1.6200530533464497
B0029,40,1.612079811711934
B0030,1,1.6560706096175404
B0030,2,1.7815548749509116
B0030,3,1.761969227822918
B0030,4,1.751755031874225
B0030,5,1.7381688070362076
B0030,6,1.7506745293461339
B0030,7,1.7491047649061158
B0030,8,1.7252544028765475
B0030,9,1.7112621367644252
B0030,10,1.6990418392711273
B0030,11,1.7185770039532977
B0030,12,1.70324722921867
B0030,13,1.689458044662304
B0030,14,1.6756136292719177
B0030,15,1.6718407140871654
B0030,16,1.7233056681204446
B0030,17,1.709207290507283
B0030,18,1.684001734344571
B0030,19,1.66898698813004
B0030,20,1.6620689362837142
B0030,21,1.6687049625248174
B0030,22,1.652762183550463
B0030,23,1.648481366235244
B0030,24,1.6307406443132095
B0030,25,1.62323023017929
B0030,26,1.6541906540394393
B0030,27,1.638514396616985
B0030,28,1.618847673357618
B0030,29,1.6134212267751404
B0030,30,1.6066443601761986
B0030,31,1.6138387876938998
B0030,32,1.596329501327274
B0030,33,1.5890785867406987
B0030,34,1.5805481432309574
B0030,35,1.5846131054270807
B0030,36,1.5936651221220735
B0030,37,1.5849874126960888
B0030,38,1.5787064969416462
B0030,39,1.570705516096967
B0030,40,1.562780404428482
B0031,1,1.6666751942525773
B0031,2,1.8328583629543174
B0031,3,1.8139835002945137
B0031,4,1.8044387333514835
B0031,5,1.802147684291295
B0031,6,1.7715647509798835
B0031,7,1.8139928165779542
B0031,8,1.8013261041198854
B0031,9,1.7883722583933568
B0031,10,1.7765401657373159
B0031,11,1.7856209131823229
B0031,12,1.7813634036685941
B0031,13,1.7684898383971241
B0031,14,1.766505238291406
B0031,15,1.751740527921767
B0031,16,1.7352349314055016
B0031,17,1.7782778274549178
B0031,18,1.7649894859707393
B0031,19,1.762591283533551
B0031,20,1.744314576121582
B0031,21,1.7628373753518478
B0031,22,1.747857930947971
B0031,23,1.7441167338864993
B0031,24,1.7268422932817387
B0031,25,1.7203093493042265
B0031,26,1.7394245516699778
B0031,27,1.7367384416372014
B0031,28,1.716963468448543
B0031,29,1.7127773558366357
B0031,30,1.7061083466554066
B0031,31,1.713732696207521
B0031,32,1.7093475797926974
B0031,33,1.6901000454115587
B0031,34,1.6946883343387664
B0031,35,1.687010991299212
B0031,36,1.6957069027070075
B0031,37,1.687696889615565
B0031,38,1.6819617127259294
B0031,39,1.6750033888978846
B0031,40,1.6672987794846676
B0032,1,1.7048641073512139
B0032,2,1.8940319526948572
B0032,3,1.8747686491853095
B0032,4,1.8654947184112376
B0032,5,1.8527398169018068
B0032,6,1.844174397003866
B0032,7,1.8430238477512753
B0032,8,1.8302818174911863
B0032,9,1.8173838456081814
B0032,10,1.8057992981104682
B0032,11,1.8149829605049186
B0032,12,1.7995150369321797
B0032,13,1.7866516942518147
B0032,14,1.7735550719416031
B0032,15,1.769995333364443
B0032,16,1.799526080374287
B0032,17,1.7968530684449833
B0032,18,1.7838265504081745
B0032,19,1.7696444491040102
B0032,20,1.7512940457049684
B0032,21,1.7697554297961993
B0032,22,1.7547726933914918
B0032,23,1.7389166355812984
B0032,24,1.7337200518764075
B0032,25,1.7150972597500092
B0032,26,1.7462926148815636
B0032,27,1.719149261914565
B0032,28,1.711582246191498
B0032,29,1.6951051195225901
B0032,30,1.7005124371100973
B0032,31,1.7080989351250158
B0032,32,1.691435430587127
B0032,33,1.6844494328889932
B0032,34,1.664037581688075
B0032,35,1.6686372014231974
B0032,36,1.6899344075625968
B0032,37,1.669431712846442
B0032,38,1.6634226761839213
B0032,39,1.6436152195947373
B0032,40,1.6358000873538245
B0033,1,0.06842572240601812
B0033,2,0.6895699007862814
B0033,3,1.1610848192311252
B0033,4,1.2529393053824995
B0033,5,1.302918002447558
B0033,6,1.3218773211472525
B0033,7,1.2884694418301417
B0033,8,1.713169326386719
B0033,9,1.6560966776720512
B0033,10,1.6197297341990775
B0033,11,1.604655812282729
B0033,12,1.6255699769029337
B0033,13,1.5900967306245992
B0033,14,1.5739402299623984
B0033,15,1.5711303351557309
B0033,16,1.5897706153457416
B0033,17,1.6257378771074
B0033,18,1.6523506333962537
B0033,19,1.6143816761595386
B0033,20,1.58697453394504
B0033,21,1.5818355572787333
B0033,22,1.6919769406371152
B0033,23,1.6879483800354476
B0033,24,1.6586223007531458
B0033,25,1.6420179032789863
B0033,26,1.6381810791118743
B0033,27,1.6422892507912386
B0033,28,1.651270876264092
B0033,29,1.6326559297917211
B0033,30,1.6260888111680731
B0033,31,1.6079292963823688
B0033,32,1.6125361114907395
B0033,33,1.6218384168987892
B0033,34,1.6145443029101134
B0033,35,1.5953958917107596
B0033,36,1.5877243027113057
B0033,37,1.5811840578305605
B0033,38,1.6128422608267754
B0033,39,1.61998606328022
B0033,40,1.6099381853611876
B0033,41,1.5770977539565159
B0033,42,1.5708599066554392
B0033,43,1.6261581345348248
B0033,44,1.6348129972245726
B0033,45,1.6117053637342613
B0033,46,1.8851401699720662
B0033,47,1.6584957887780232
B0033,48,1.62418934644937
B0033,49,1.6041720988563641
B0033,50,1.6080016740907346
B0033,51,1.6256752138435595
B0033,52,1.617632765910718
B0033,53,1.5973191489094263
B0033,54,1.5875852250170606
B0033,55,1.5802530015403684
B0033,56,1.583036530487776
B0033,57,1.6027138832797037
B0033,58,1.5930709154513834
B0033,59,1.5448888685020246
B0033,60,1.5352188565640517
B0033,61,1.5252677314227332
B0033,62,1.5559492005453626
B0033,63,1.5648029438427147
B0033,64,1.5518620461881205
B0033,65,1.5144550545105004
B0033,66,1.5051936202146428
B0033,67,1.605823969917045
B0033,68,1.6249005195877049
B0033,69,1.589785130036615
B0033,70,1.5552386152299904
B0033,71,1.539756404636803
B0033,72,1.5293174002138357
B0033,73,1.547680553576876
B0033,74,1.5659920939439786
B0033,75,1.5416252851780505
B0033,76,1.517590655990168
B0033,77,1.5075202042593092
B0033,78,1.49549282626034
B0033,79,1.4997618811573148
B0033,80,1.4906966807803954
B0033,81,1.4800999425051866
B0033,82,1.4676091496100632
B0033,83,1.4729818491920503
B0033,84,1.4742872137206404
B0033,85,1.4635162808346138
B0033,86,1.4527095680488362
B0033,87,1.4557303847230247
B0033,88,1.459740099618568
B0033,89,1.448711504158192
B0033,90,1.4666759762884336
B0033,91,1.4689502109504418
B0033,92,1.471116588522042
B0033,93,1.4473012364654927
B0033,94,1.4205315547561643
B0033,95,1.4241466094817417
B0033,96,1.4412820083364295
B0033,97,1.4448965388921615
B0033,98,1.4540256354795746
B0033,99,1.4226030447542912
B0033,100,1.410196954589097
B0033,101,1.4144881298999457
B0033,102,1.431360032946153
B0033,103,1.4515133236517528
B0033,104,1.4230376757726733
B0033,105,1.396298696255913
B0033,106,1.3979060730399124
B0033,107,1.4011347560096767
B0033,108,1.436782528945267
B0033,109,1.4370006879546382
B0033,110,1.410355528453481
B0033,111,1.382633397996189
B0033,112,1.3699403583067564
B0033,113,1.3786129327882322
B0033,114,1.8035959863147193
B0033,115,1.4234424290662009
B0033,116,1.3946003892958663
B0033,117,1.3961613987822286
B0033,118,1.384968608315797
B0033,119,1.3715114742475478
B0033,120,1.3616865084879255
B0033,121,1.3796301360966086
B0033,122,1.364231776003204
B0033,123,1.3418414512081456
B0033,124,1.3552215695792247
B0033,125,1.3403860264029774
B0033,126,1.3594078914195438
B0033,127,1.3457100861355502
B0033,128,1.3477611420854358
B0033,129,1.335482103134067
B0033,130,1.353154941842234
B0033,131,1.3709677706044292
B0033,132,1.357426672491866
B0033,133,1.3443678821106904
B0033,134,1.33005823859453
B0033,135,1.4033641858066626
B0033,136,1.3865570950229378
B0033,137,1.3704138176872631
B0033,138,1.325319393635713
B0033,139,0.8439684993200656
B0033,140,0.29866180371583506
B0033,141,0.2344867974702557
B0033,142,0.20256330380725823
B0033,143,0.23531995654070248
B0033,144,0.23550427837482876
B0033,145,0.4304242256752923
B0033,146,0.46436333202696434
B0033,147,0.3994839380247729
B0033,148,1.461469789426299
B0033,149,1.4150999545382532
B0033,150,1.383632373873956
B0033,151,1.3705402893609833
B0033,152,1.3557042566115398
B0033,153,1.3578385793919763
B0033,154,1.3609083979571395
B0033,155,1.3495626547684758
B0033,156,1.1888877132486642
B0033,157,1.5041493934608645
B0033,158,1.4899088638712767
B0033,159,1.475330178643193
B0033,160,1.459830765413703
B0033,161,1.4474169057725728
B0033,162,1.4676323674647154
B0033,163,1.441552493165527
B0033,164,1.418392873584403
B0033,165,1.4031824838852518
B0033,166,1.3911104661211642
B0033,167,1.4086019958134537
B0033,168,1.4137708903948947
B0033,169,1.412472234540845
B0033,170,1.3831900026575588
B0033,171,1.3646098107432565
B0033,172,1.369751365782437
B0033,173,1.3867946911071662
B0033,174,1.3918615875742792
B0033,175,1.377162352180965
B0033,176,1.3599525359390852
B0033,177,1.379779043170725
B0033,178,1.3631373661966442
B0033,179,1.3652295228794809
B0033,180,1.3498620694059131
B0033,181,1.3529504172332432
B0033,182,1.3535740542605128
B0033,183,1.3432225183905024
B0033,184,1.3412081769053426
B0033,185,1.3277389969987805
B0033,186,1.329778900445409
B0033,187,1.3356045028702495
B0033,188,1.3177489685711123
B0033,189,1.317605472474197
B0033,190,1.3185279522072382
B0033,191,1.3215397269813982
B0033,192,1.3046615372928705
B0033,193,1.3280324770208678
B0033,194,1.3634549770713926
B0033,195,1.3291316747402466
B0033,196,1.3124201086917682
B0033,197,1.3152825503676357
B0034,1,0.7459302957645664
B0034,2,1.6623217152845853
B0034,3,1.645087369694532
B0034,4,1.620729289277574
B0034,5,1.5967402025126005
B0034,6,1.4856500618812698
B0034,7,1.4866702197497013
B0034,8,1.4701330958405268
B0034,9,1.4565041801019636
B0034,10,1.4418961035576472
B0034,11,1.4370949588970292
B0034,12,1.4458703624967404
B0034,13,1.4321040545618373
B0034,14,1.426720633302465
B0034,15,1.4230846885129826
B0034,16,1.4409479522418907
B0034,17,1.486901544051865
B0034,18,1.5245313226850703
B0034,19,1.4629049605190707
B0034,20,1.4230794508549893
B0034,21,1.4051040863603435
B0034,22,1.6329463925070862
B0034,23,1.5687138208259117
B0034,24,1.5149520966053402
B0034,25,1.4855182940634626
B0034,26,1.480771929049074
B0034,27,1.484026357317059
B0034,28,1.4922153055506522
B0034,29,1.473312924099279
B0034,30,1.441593178980006
B0034,31,1.4225873198015788
B0034,32,1.4266489379486664
B0034,33,1.4596775560238577
B0034,34,1.4396159938545154
B0034,35,1.4195512657848512
B0034,36,1.4118101714470452
B0034,37,1.4044196701845313
B0034,38,1.4735059098606866
B0034,39,1.492658600645149
B0034,40,1.4820260149945934
B0034,41,1.423575357658995
B0034,42,1.4038252197245347
B0034,43,1.5363173478836125
B0034,44,1.5440367168176732
B0034,45,1.507892155360249
B0034,46,1.8203060058691092
B0034,47,1.5936575758226643
B0034,48,1.533070464968097
B0034,49,1.4862143093107285
B0034,50,1.5029318848267783
B0034,51,1.5202185406928062
B0034,52,1.5118194735004464
B0034,53,1.464601301820905
B0034,54,1.4546140961511749
B0034,55,1.4333400490204142
B0034,56,1.4493262346396159
B0034,57,1.495199821798908
B0034,58,1.4720590241846008
B0034,59,1.4097383014648728
B0034,60,1.3861944181384176
B0034,61,1.3624125407550536
B0034,62,1.4471377445077278
B0034,63,1.4554483390450048
B0034,64,1.4423952167302958
B0034,65,1.377541945989605
B0034,66,1.3539935892900532
B0034,67,1.5509038861664448
B0034,68,1.5562932697752867
B0034,69,1.5067526605064707
B0034,70,1.444138733302766
B0034,71,1.4144103811292437
B0034,72,1.3897574212362729
B0034,73,1.449968311475299
B0034,74,1.4678653068012166
B0034,75,1.4290644310445066
B0034,76,1.376744834668327
B0034,77,1.3515813262521057
B0034,78,1.353993472828928
B0034,79,1.3577165116893766
B0034,80,1.334169315351027
B0034,81,1.3372147888783987
B0034,82,1.339045224276927
B0034,83,1.3439244604756322
B0034,84,1.3454786192090245
B0034,85,1.3482263029682544
B0034,86,1.3373192299576058
B0034,87,1.3402523341553034
B0034,88,1.3290965682379121
B0034,89,1.3323485655766352
B0034,90,1.3501541310555516
B0034,91,1.381523441054128
B0034,92,1.3835971952817807
B0034,93,1.3301161862080901
B0034,94,1.3176982121703233
B0034,95,1.3063657719651272
B0034,96,1.3381567383793782
B0034,97,1.3563258092165067
B0034,98,1.3648997529550058
B0034,99,1.3337639975535058
B0034,100,1.3060123668658763
B0034,101,1.3101868361375808
B0034,102,1.3567668941696103
B0034,103,1.3916857433587717
B0034,104,1.3629935079344777
B0034,105,1.3211711973900628
B0034,106,1.3074869015593356
B0034,107,1.3105881895483489
B0034,108,1.376312668196664
B0034,109,1.391764929132287
B0034,110,1.3649746353453525
B0034,111,1.3219093937291897
B0034,112,1.3090033888073913
B0034,113,1.3327005721973733
B0034,114,1.7423975189669398
B0034,115,1.37734756281946
B0034,116,1.34875988767775
B0034,117,1.3501504559881146
B0034,118,1.3387814875085953
B0034,119,1.3253371210402685
B0034,120,1.3308160596334049
B0034,121,1.333083376618503
B0034,122,1.3333226534895923
B0034,123,1.3264281097516475
B0034,124,1.323971040986857
B0034,125,1.3249364225071156
B0034,126,1.3283067675570923
B0034,127,1.314584348909226
B0034,128,1.3166841798543303
B0034,129,1.3041727649654073
B0034,130,1.3534450073572306
B0034,131,1.371294082513786
B0034,132,1.357699321922511
B0034,133,1.3286903090919502
B0034,134,1.3143943268181724
B0034,135,1.3866783030110723
B0034,136,1.3868330458429208
B0034,137,1.3548037379291014
B0034,138,1.3255787669951669
B0034,139,1.3119728676377553
B0034,140,1.3064487948795198
B0034,141,1.3418431880549024
B0034,142,1.3609210170759327
B0034,143,1.3299603677394973
B0034,144,1.299069387625936
B0034,145,1.2984544371955695
B0034,146,1.3176486091610087
B0034,147,1.3360648564106594
B0034,148,1.3635797361860138
B0034,149,1.3333112541544827
B0034,150,1.3023273463118925
B0034,151,1.2888728444455875
B0034,152,1.2902746194203034
B0034,153,1.292407565676824
B0034,154,1.2954091505102339
B0034,155,1.283229881592695
B0034,156,1.4557454024367817
B0034,157,1.454676342673242
B0034,158,1.423427718198495
B0034,159,1.392551210363313
B0034,160,1.3765732493746907
B0034,161,1.3810190828982352
B0034,162,1.4007568321672863
B0034,163,1.374645303479972
B0034,164,1.3345924114397838
B0034,165,1.336396621564738
B0034,166,1.3069152971756248
B0034,167,1.341539456674081
B0034,168,1.346388970161922
B0034,169,1.344989807277774
B0034,170,1.3158760805047784
B0034,171,1.2972766889740088
B0034,172,1.2851255211005648
B0034,173,1.3190209156530253
B0034,174,1.3410097849290994
B0034,175,1.326126983882746
B0034,176,1.3091442679990724
B0034,177,1.363001289617145
B0034,178,1.329285701687194
B0034,179,1.2969085930621855
B0034,180,1.2986285924941396
B0034,181,1.2840657611821942
B0034,182,1.3021015914136362
B0034,183,1.3089076351731335
B0034,184,1.2722519696513912
B0034,185,1.276011534360331
B0034,186,1.2605053003103004
B0034,187,1.2660681251347115
B0034,188,1.265829016865281
B0034,189,1.2655873898206993
B0034,190,1.2663598323027554
B0034,191,1.2868479432728903
B0034,192,1.270026164613209
B0034,193,1.34598253292492
B0034,194,1.3286875315413778
B0034,195,1.31203071983408
B0034,196,1.295125492961198
B0034,197,1.2802601605963335
B0036,1,1.001982588175331
B0036,2,1.8011007566288924
B0036,3,1.8044229856020628
B0036,4,1.804388833772829
B0036,5,1.7989248871784247
B0036,6,1.792996521672392
B0036,7,1.7885507985621891
B0036,8,1.7890856930727703
B0036,9,1.7893137312833287
B0036,10,1.7860759459480868
B0036,11,1.7836324249650817
B0036,12,1.7829728738072719
B0036,13,1.7813775963259668
B0036,14,1.7785359545932946
B0036,15,1.7759043090943398
B0036,16,1.7780426649905914
B0036,17,1.7830029333591655
B0036,18,1.7883000424613877
B0036,19,1.779294712578026
B0036,20,1.7709235500451854
B0036,21,1.7659050180801104
B0036,22,1.7826929241469245
B0036,23,1.7964662072920203
B0036,24,1.7909083533422898
B0036,25,1.78518002808874
B0036,26,1.7811343176546524
B0036,27,1.7755577789223567
B0036,28,1.776885870616115
B0036,29,1.7713083410378214
B0036,30,1.7713348840874137
B0036,31,1.7660842866405053
B0036,32,1.7592793663412327
B0036,33,1.7610368813762423
B0036,34,1.760242767365706
B0036,35,1.7555899416034397
B0036,36,1.7545602176655593
B0036,37,1.7499108336094897
B0036,38,1.7610225525303758
B0036,39,1.7624094574337117
B0036,40,1.7536170397120676
B0036,41,1.7462044775191679
B0036,42,1.7406176172769725
B0036,43,1.750690404425682
B0036,44,1.765112055153915
B0036,45,1.7631888267564881
B0036,46,1.9854929528970957
B0036,47,1.7653557308133239
B0036,48,1.7571880383127276
B0036,49,1.7573770661844437
B0036,50,1.7617376127979814
B0036,51,1.7606892547636663
B0036,52,1.760669562156983
B0036,53,1.752963802649152
B0036,54,1.750535708024147
B0036,55,1.7500761995337284
B0036,56,1.7465957802278385
B0036,57,1.753614286788707
B0036,58,1.750725029920349
B0036,59,1.7433053490810113
B0036,60,1.7336625052776187
B0036,61,1.7319207051538927
B0036,62,1.7428604522751463
B0036,63,1.743306971099712
B0036,64,1.738524506272696
B0036,65,1.7295622663746972
B0036,66,1.7273036765742085
B0036,67,1.7449370491071912
B0036,68,1.7642432071133693
B0036,69,1.7504882032049596
B0036,70,1.7442710815479923
B0036,71,1.7365413923373951
B0036,72,1.733223093105756
B0036,73,1.73860622908762
B0036,74,1.7432134953746192
B0036,75,1.7332698214832971
B0036,76,1.7298906291663272
B0036,77,1.7204403348841348
B0036,78,1.724420729012913
B0036,79,1.7214872814061166
B0036,80,1.7197448773569262
B0036,81,1.7164304142145894
B0036,82,1.7112029253299619
B0036,83,1.7102343231599222
B0036,84,1.713096882151029
B0036,85,1.7103708617208135
B0036,86,1.7064617296121434
B0036,87,1.7029429979110946
B0036,88,1.7072612643840062
B0036,89,1.7038637196766078
B0036,90,1.7079617948422274
B0036,91,1.7113022833627787
B0036,92,1.714122057472244
B0036,93,1.7053324925701605
B0036,94,1.6934609472531408
B0036,95,1.6905244127230223
B0036,96,1.7007774858498304
B0036,97,1.6971104467944576
B0036,98,1.6997924522951837
B0036,99,1.6912704773954121
B0036,100,1.6857127009469863
B0036,101,1.6832093771286156
B0036,102,1.692886364169521
B0036,103,1.6984668174144633
B0036,104,1.6935813413828429
B0036,105,1.6830951253781283
B0036,106,1.6850462226942986
B0036,107,1.6803098840017598
B0036,108,1.6944038437227715
B0036,109,1.6955686127180103
B0036,110,1.6841854728350405
B0036,111,1.6722180144870118
B0036,112,1.6675976965747183
B0036,113,1.6781873787039017
B0036,114,2.4440624320786557
B0036,115,1.6913403148932205
B0036,116,1.6802787096613283
B0036,117,1.673147301023026
B0036,118,1.6704292090032429
B0036,119,1.6659903350115992
B0036,120,1.664241575272447
B0036,121,1.6668450767774965
B0036,122,1.6594501560667536
B0036,123,1.662412523067319
B0036,124,1.6603526083225701
B0036,125,1.6610231379633236
B0036,126,1.6575187557321613
B0036,127,1.6507877959674548
B0036,128,1.6532570062110141
B0036,129,1.6494214846772686
B0036,130,1.6678591915666705
B0036,131,1.670862764324967
B0036,132,1.6658118164053368
B0036,133,1.6532998517617
B0036,134,1.6468787023528522
B0036,135,1.6718953249703756
B0036,136,1.6807743463585727
B0036,137,1.6737717086703074
B0036,138,1.6605773762487392
B0036,139,1.655987781146086
B0036,140,1.6468623183898439
B0036,141,1.6574621175432847
B0036,142,1.6603991175216894
B0036,143,1.6460789092837111
B0036,144,1.6408366462659327
B0036,145,1.6344408920281601
B0036,146,1.6374039186504212
B0036,147,1.64738207540524
B0036,148,1.6545646441622355
B0036,149,1.640896560729935
B0036,150,1.6265229979339635
B0036,151,1.6217349144630457
B0036,152,1.6248200059639546
B0036,153,1.61880119736137
B0036,154,1.6137350490334217
B0036,155,1.612012823654141
B0036,156,1.6671032556887178
B0036,157,1.6850133383886254
B0036,158,1.6786654987614698
B0036,159,1.6729763502191373
B0036,160,1.666489034299654
B0036,161,1.6698420840710908
B0036,162,1.6746744228027035
B0036,163,1.6665045335145643
B0036,164,1.6522220848347273
B0036,165,1.6462718275099526
B0036,166,1.642399234692521
B0036,167,1.651178607099992
B0036,168,1.6481683120281931
B0036,169,1.6478887725428397
B0036,170,1.635843650915682
B0036,171,1.6332362811945516
B0036,172,1.629926467682987
B0036,173,1.6387862629287224
B0036,174,1.6359654863840773
B0036,175,1.631137043967566
B0036,176,1.6220189720888463
B0036,177,1.6416044978422155
B0036,178,1.6253090231457805
B0036,179,1.6196134522239483
B0036,180,1.6124236174774371
B0036,181,1.6077701029913394
B0036,182,1.6088077531981582
B0036,183,1.6083556258734268
B0036,184,1.6068202519011539
B0036,185,1.601770977206713
B0036,186,1.594911734692208
B0036,187,1.5938139125387372
B0036,188,1.5920273129504596
B0036,189,1.5847361549778751
B0036,190,1.5763429363936798
B0036,191,1.5720229174642286
B0036,192,1.5729874285512353
B0036,193,1.596985400389019
B0036,194,1.595726023703856
B0036,195,1.579500338340559
B0036,196,1.5629469877520186
B0036,197,1.5591129431541175
B0038,1,0.8980573709676724
B0038,2,1.1026236331914077
B0038,3,1.0885801879473431
B0038,4,1.0613249847591086
B0038,5,1.0347062057983545
B0038,6,1.0269978594353013
B0038,7,1.0785019710989419
B0038,8,1.0638897478802845
B0038,9,1.0366551223324423
B0038,10,1.030941327482094
B0038,11,1.0140084541034655
B0038,12,1.008516095994519
B0038,13,1.7419245088095903
B0038,14,1.779741859708433
B0038,15,1.7815666306452766
B0038,16,1.7834859577156017
B0038,17,1.7864411650415675
B0038,18,1.7859997608067948
B0038,19,1.7769523773001608
B0038,20,1.781428917321899
B0038,21,1.7859452772697197
B0038,22,1.785208429691551
B0038,23,1.783596609584544
B0038,24,1.7796783152744713
B0038,25,1.7841102592788645
B0038,26,1.7833032331592193
B0038,27,1.7796186141356956
B0038,28,1.7816592334352586
B0038,29,1.7775911304124035
B0038,30,1.777701881971679
B0038,31,1.7789547618270618
B0038,32,1.7807753731135043
B0038,33,1.778415319026661
B0038,34,1.7789773899108463
B0038,35,1.7792479347236045
B0038,36,1.7779204573685081
B0038,37,1.779227040224144
B0038,38,1.7760634320079352
B0038,39,1.775103937963957
B0038,40,1.733064100138742
B0038,41,1.7394892806215223
B0038,42,1.7378064360392924
B0038,43,1.730028145799833
B0038,44,1.7290404566542985
B0038,45,1.7286072907068815
B0038,46,1.52573884649634
B0038,47,1.5301475534434217
B0039,1,0.11903831859341765
B0039,2,0.4729861500927512
B0039,3,0.16280793829202067
B0039,4,0.4787632853388766
B0039,5,0.4711383364607152
B0039,6,0.4668172561120673
B0039,7,0.4699932676625547
B0039,8,0.4627052684317185
B0039,9,0.46049447826560974
B0039,10,0.4412227248835694
B0039,11,0.44354421943965844
B0039,12,0.4126655541164234
B0039,13,1.7461791006389626
B0039,14,1.7695250734505363
B0039,15,1.7715391419501945
B0039,16,1.770625483958279
B0039,17,1.7704040639447296
B0039,18,1.7695081788801759
B0039,19,1.7638356274269416
B0039,20,1.7715725869786123
B0039,21,1.7701196454489683
B0039,22,1.7667569752860521
B0039,23,1.7648743629092642
B0039,24,1.763838685943225
B0039,25,1.7657225752056789
B0039,26,1.7645632809383045
B0039,27,1.7608991948479125
B0039,28,1.7598362095817717
B0039,29,1.7590955400143164
B0039,30,1.7560495443976523
B0039,31,1.7571677199949287
B0039,32,1.7558911269459976
B0039,33,1.7533419072229914
B0039,34,1.7506673845335168
B0039,35,1.7510006664162403
B0039,36,1.7496058853847873
B0039,37,1.7477359172183355
B0039,38,1.7444225468099093
B0039,39,1.743308366083936
B0039,40,1.6556691733888471
B0039,41,1.64297669457593
B0039,42,1.6343822729361266
B0039,43,1.6265067062165601
B0039,44,1.618865991735961
B0039,45,1.6114968339209264
B0039,46,1.3240805773461226
B0039,47,1.3153386221697692
B0040,1,0.6734628137095633
B0040,2,0.7913062105760345
B0040,3,0.7865824034601745
B0040,4,0.7795871426061582
B0040,5,0.7628241523125163
B0040,6,0.7405021514606399
B0040,7,0.7783970881100656
B0040,8,0.7733165409025605
B0040,9,0.7589575236409498
B0040,10,0.7407399462256391
B0040,11,0.7446218752617147
B0040,12,0.7149875629820736
B0040,13,1.7075144448533202
B0040,14,1.730880859428193
B0040,15,1.7328212845233328
B0040,16,1.7317734323431513
B0040,17,1.7341296392350067
B0040,18,1.7334756929990074
B0040,19,1.7243057179457875
B0040,20,1.7318975861687205
B0040,21,1.7333691208377457
B0040,22,1.732175650153278
B0040,23,1.7334832776102866
B0040,24,1.732372495746513
B0040,25,1.7338175297202416
B0040,26,1.7329630786357868
B0040,27,1.7318839084573339
B0040,28,1.7306960059812662
B0040,29,1.7296011601947467
B0040,30,1.7296187381064656
B0040,31,1.7307198617163877
B0040,32,1.729274556175907
B0040,33,1.7297962212599596
B0040,34,1.7268942069037494
B0040,35,1.7272191689306016
B0040,36,1.7285674981160106
B0040,37,1.726636381605547
B0040,38,1.7262424141835067
B0040,39,1.7252725927602899
B0040,40,1.6668026877455053
B0040,41,1.666754853762041
B0040,42,1.6583274448761054
B0040,43,1.65032263550715
B0040,44,1.6493406341242296
B0040,45,1.641919055037739
B0040,46,0.425812451177779
B0040,47,0.5569902643736575
B0041,1,0.055620243768194036
B0041,2,0.05569747261227687
B0041,3,0.05583901629185397
B0041,4,0.056148059974053
B0041,5,0.05647053159913906
B0041,6,0.044092291840801906
B0041,7,0.05677191308141789
B0041,8,0.056938376500757296
B0041,9,0.04440148411312257
B0041,10,0.04463435818491618
B0041,11,0.04479872243657484
B0041,12,0.04670898780785478
B0041,13,0.04495371533089529
B0041,14,0.045219329019542696
B0041,15,0.04540222414694979
B0041,16,0.04567901224974174
B0041,17,0.04552080257033988
B0041,18,0.045728541460242564
B0041,19,0.045860512192502
B0041,20,0.045983556030275076
B0041,21,0.04612876296673401
B0041,22,0.0463714545530443
B0041,23,0.04642385425314327
B0041,24,0.046579469530564604
B0041,25,0.04672600894839656
B0041,26,0.046863472432443716
B0041,27,0.047123070484888584
B0041,28,0.047089685801538064
B0041,29,0.04716816990682447
B0041,30,0.047416623395846624
B0041,31,0.04747365818614322
B0041,32,0.04767107168829607
B0041,33,0.04775614866793622
B0041,34,0.04783369052905227
B0041,35,0.047922817158937946
B0041,36,0.048108024971614455
B0041,37,0.04808782735825877
B0041,38,0.04842261926326617
B0041,39,0.04798649525462829
B0041,40,0.04822175200495124
B0041,41,0.04787731566765343
B0041,42,0.04829032055579415
B0041,43,1.2156494086360898
B0041,44,1.1476416320946565
B0041,45,1.1194574527298193
B0041,46,1.0841325641850128
B0041,47,1.0607784232892656
B0041,48,1.0170312865626592
B0041,49,1.0000374999808574
B0041,50,0.991506494786248
B0041,51,0.9655644425371017
B0041,52,0.9383311962439673
B0041,53,0.9298903389240268
B0041,54,0.9072117399448598
B0041,55,0.9176870676937323
B0041,56,0.9157430721963028
B0041,57,0.9111662690050432
B0041,58,0.8968901443572698
B0041,59,0.8862133472800153
B0041,60,0.8931124136187014
B0041,61,0.880898507091054
B0041,62,0.8798879382023741
B0041,63,0.8682347537115443
B0041,64,0.8443569490395516
B0041,65,0.8657093203148538
B0041,66,0.848696904019178
B0041,67,0.8364948433646345
B0042,1,1.7287126633755356
B0042,2,1.7314706281853145
B0042,3,1.7282350363146088
B0042,4,1.720344742291621
B0042,5,1.7221734367707637
B0042,6,1.708669577331945
B0042,7,1.7036476485918646
B0042,8,1.6958375743577971
B0042,9,1.6949064846676911
B0042,10,1.6874768094352455
B0042,11,1.685989172917945
B0042,12,1.6782864747774933
B0042,13,1.6739647640901527
B0042,14,1.6722378801237066
B0042,15,1.6759897900491967
B0042,16,1.6618247672847988
B0042,17,1.6606710352566112
B0042,18,1.6530644874507203
B0042,19,1.649953986270456
B0042,20,1.681297805444492
B0042,21,1.6700520424481298
B0042,22,1.667181860354792
B0042,23,1.6568865613275168
B0042,24,1.6449819446579936
B0042,25,1.639214585000014
B0042,26,1.6410599890208055
B0042,27,1.6432696512198481
B0042,28,1.6298673102402295
B0042,29,1.6238536344658807
B0042,30,1.6186308887044174
B0042,31,1.6193418112441196
B0042,32,1.614593271326993
B0042,33,1.6072040891927848
B0042,34,1.6012663590062357
B0042,35,1.5940407410631041
B0042,36,1.5946888289374477
B0042,37,1.5882100957302596
B0042,38,1.587985558077698
B0042,39,1.5799165406650344
B0042,40,1.5655946193652834
B0042,41,0.07070127737340176
B0042,42,0.08416878530139071
B0042,43,0.08443785621465827
B0042,44,0.08478919060590338
B0042,45,0.09334258183442584
B0042,46,0.10603180131397782
B0042,47,0.106505866207118
B0042,48,0.09439111585512952
B0042,49,0.09450595927387112
B0042,50,0.08211456108215626
B0042,51,0.09518470631946747
B0042,52,0.09539129998659052
B0042,53,0.08289664565854568
B0042,54,0.08343199036452603
B0042,55,0.09624772156495698
B0042,56,0.0871279249656989
B0042,57,0.09681912182757578
B0042,58,0.08440054891345107
B0042,59,0.09770121716674529
B0042,60,0.08517426476572666
B0042,61,0.08471993544879124
B0042,62,0.08548836969893649
B0042,63,0.08577749933433501
B0042,64,0.08595553255245832
B0042,65,0.08614796979658328
B0042,66,0.08652450808993331
B0042,67,0.08676036428685732
B0042,68,0.08662025389371077
B0042,69,0.0869802394927499
B0042,70,0.07387787113473963
B0042,71,0.08775865702231889
B0042,72,0.08790576300272998
B0042,73,0.08808784882200178
B0042,74,0.08834250268158712
B0042,75,0.07463055332745072
B0042,76,0.07485698665122698
B0042,77,0.07527573643141765
B0042,78,0.07532351860488727
B0042,79,0.07553765302367196
B0042,80,0.07584285606128259
B0042,81,0.0759921803489148
B0042,82,0.07621652609591999
B0042,83,0.06216923141552526
B0042,84,0.0759822277461493
B0042,85,0.06227013548943564
B0042,86,0.06259446608798445
B0042,87,1.4377344766079456
B0042,88,1.5246019289244055
B0042,89,1.5215273965539478
B0042,90,1.5155323631175952
B0042,91,1.5044249661534554
B0042,92,1.5001507149498807
B0042,93,1.489011227320312
B0042,94,1.4810149357562845
B0042,95,1.476262027748574
B0042,96,1.4662551025438961
B0042,97,1.4593282593817019
B0042,98,1.445704157754381
B0042,99,1.4400686089389023
B0042,100,1.4290313659547842
B0042,101,1.414172188151386
B0042,102,1.415603079129078
B0042,103,1.3994410223300702
B0042,104,1.3959635285794907
B0042,105,1.3929784652630588
B0042,106,1.3740772023800918
B0042,107,1.3752493030002435
B0042,108,1.3671966130854505
B0042,109,1.356887600783644
B0042,110,1.3449320225969348
B0042,111,1.3374691704584258
B0043,1,1.713782642126885
B0043,2,1.6955681658647108
B0043,3,1.6814906372051954
B0043,4,1.6786372409532953
B0043,5,1.6694168550864992
B0043,6,1.6611938521224778
B0043,7,1.6506423382064332
B0043,8,1.6424273190907783
B0043,9,1.6353664801041328
B0043,10,1.633232875930849
B0043,11,1.6258840554387932
B0043,12,1.617976174654771
B0043,13,1.6136652707273988
B0043,14,1.605821026619692
B0043,15,1.6033527961961531
B0043,16,1.5951342406182645
B0043,17,1.5878135544728507
B0043,18,1.5800601969084245
B0043,19,1.575565087879128
B0043,20,1.5950169012164208
B0043,21,1.5898075522577595
B0043,22,1.5807953202097411
B0043,23,1.5704333289187615
B0043,24,1.5643368431897877
B0043,25,1.558307017802491
B0043,26,1.5537149289772467
B0043,27,1.549528250585513
B0043,28,1.5424430535161062
B0043,29,1.54256227031715
B0043,30,1.5309356452520158
B0043,31,1.5247733176952427
B0043,32,1.5196742408779502
B0043,33,1.5123696925788683
B0043,34,1.499914486202397
B0043,35,1.4924106271188253
B0043,36,1.492624987952706
B0043,37,1.4924024018806028
B0043,38,1.4853020201751674
B0043,39,1.477208127101587
B0043,40,1.4694738525181406
B0043,41,0.057034391042653794
B0043,42,0.0571536334895882
B0043,43,0.05729366005937665
B0043,44,0.05744203185278054
B0043,45,0.06713062107721124
B0043,46,0.06714781920234739
B0043,47,0.06732001211690299
B0043,48,0.06784038051613318
B0043,49,0.06799604927210635
B0043,50,0.06828011147886554
B0043,51,0.06844632943125976
B0043,52,0.06851361914788083
B0043,53,0.06887402435616684
B0043,54,0.056544389321695726
B0043,55,0.06918353164189846
B0043,56,0.059122086455436665
B0043,57,0.06956120084140223
B0043,58,0.07017897804376615
B0043,59,0.07028148183862523
B0043,60,0.05787364202878375
B0043,61,0.07056618554293374
B0043,62,0.057989410208958
B0043,63,0.07129266446800787
B0043,64,0.07146546557664281
B0043,65,0.0716254973792324
B0043,66,0.07192596356272017
B0043,67,0.058840095111364746
B0043,68,0.07213853480103966
B0043,69,0.07231835711877917
B0043,70,0.05938170626668099
B0043,71,0.07294488485625279
B0043,72,0.07306917734079586
B0043,73,0.07317054128128272
B0043,74,0.07347430293304898
B0043,75,0.06010697591831878
B0043,76,0.07383162509955737
B0043,77,0.060495215307428206
B0043,78,0.060604010237618126
B0043,79,0.06073438432235217
B0043,80,0.06099653048237791
B0043,81,0.061130459259873135
B0043,82,0.06129124410987595
B0043,83,0.06130329065804092
B0043,84,0.061151661574090986
B0043,85,0.061405387192057306
B0043,86,0.06175780765942851
B0043,87,1.5250840516518187
B0043,88,1.552568811301301
B0043,89,1.5427752626774387
B0043,90,1.5331932831264679
B0043,91,1.5152721949172019
B0043,92,1.5074989761997712
B0043,93,1.4896288908647644
B0043,94,1.4780778852088083
B0043,95,1.4700035345334466
B0043,96,1.4565623180137077
B0043,97,1.445976962830235
B0043,98,1.4325855992469252
B0043,99,1.4197344854662965
B0043,100,1.401262575071573
B0043,101,1.3862945308535968
B0043,102,1.384130256052478
B0043,103,1.3651743201871416
B0043,104,1.361508332192898
B0043,105,1.351001663879717
B0043,106,1.3282588067265129
B0043,107,1.3257206687421472
B0043,108,1.3142909715978441
B0043,109,1.3003260094811093
B0043,110,1.2881071401556836
B0043,111,1.2767801501201566
B0044,1,1.686525555152074
B0044,2,1.6624606531639186
B0044,3,1.6534010755700512
B0044,4,1.6452145903490936
B0044,5,1.635664062367341
B0044,6,1.6267769765146463
B0044,7,1.6159715504743064
B0044,8,1.6076028386649623
B0044,9,1.6003360401431612
B0044,10,1.5978700914991917
B0044,11,1.5900310265163515
B0044,12,1.5816311155652092
B0044,13,1.5714556311034702
B0044,14,1.563220798569978
B0044,15,1.5606775388245586
B0044,16,1.5523886011314287
B0044,17,1.5444592876561967
B0044,18,1.536558134180655
B0044,19,1.5307255867941072
B0044,20,1.545242808242328
B0044,21,1.5397144491816253
B0044,22,1.5305357077773765
B0044,23,1.5199735224097084
B0044,24,1.5136629526844203
B0044,25,1.5012870006992953
B0044,26,1.5023814734911674
B0044,27,1.4980955154277502
B0044,28,1.4906542391377111
B0044,29,1.4843971639436213
B0044,30,1.4725321936230114
B0044,31,1.4663149382113208
B0044,32,1.4671298468877776
B0044,33,1.4593858997633138
B0044,34,1.4467901368505207
B0044,35,1.4390669859638228
B0044,36,1.4389892550462602
B0044,37,1.4386198779578576
B0044,38,1.4313412096653504
B0044,39,1.422973037663468
B0044,40,1.4150153099745097
B0044,41,0.0572172710622218
B0044,42,0.0573587470253984
B0044,43,0.05749687545445231
B0044,44,0.05763088809888528
B0044,45,0.055116913339787174
B0044,46,0.06740755265748018
B0044,47,0.0675676530317139
B0044,48,0.055637310449156464
B0044,49,0.06822433276106823
B0044,50,0.056052453431514465
B0044,51,0.06868220130105056
B0044,52,0.06874755353346529
B0044,53,0.05651439891347486
B0044,54,0.05673307185387369
B0044,55,0.0694133756360175
B0044,56,0.05931766444664955
B0044,57,0.06981707253622738
B0044,58,0.05746435089694075
B0044,59,0.07053774383993697
B0044,60,0.05805466052344494
B0044,61,0.07083992015291063
B0044,62,0.058171836130525824
B0044,63,0.05830515712798288
B0044,64,0.05845592669367763
B0044,65,0.05862986110638707
B0044,66,0.05890033218383382
B0044,67,0.05906467702011044
B0044,68,0.07240579982844073
B0044,69,0.07255632846891659
B0044,70,0.05959222988909599
B0044,71,0.07321709022768585
B0044,72,0.05984100849986973
B0044,73,0.07344347056971572
B0044,74,0.07373739605923264
B0044,75,0.06032312489727431
B0044,76,0.07409611978234346
B0044,77,0.060717150532954955
B0044,78,0.06082844229397962
B0044,79,0.060928844447982224
B0044,80,0.061220387365620216
B0044,81,0.06133677582691605
B0044,82,0.0615021959933087
B0044,83,0.0615436456229027
B0044,84,0.061368282981907545
B0044,85,0.061633508888739995
B0044,86,0.061981030875948785
B0044,87,1.4779954511171076
B0044,88,1.494119871447679
B0044,89,1.488007820113173
B0044,90,1.4748338592717107
B0044,91,1.4604378044785566
B0044,92,1.452380841576719
B0044,93,1.4411028883649861
B0044,94,1.4300355978410688
B0044,95,1.413943296719903
B0044,96,1.3972667497450317
B0044,97,1.3865375876825874
B0044,98,1.3724753685724698
B0044,99,1.3598593948812812
B0044,100,1.3486733410392264
B0044,101,1.3334258933205057
B0044,102,1.3387793081075827
B0044,103,1.3153320403016995
B0044,104,1.322963328110081
B0044,105,1.3086991524155074
B0044,106,1.2897499583900436
B0044,107,1.2906172590904164
B0044,108,1.2752011253442166
B0044,109,1.2686072657374579
B0044,110,1.2565759973225976
B0044,111,1.2486254509320867
B0045,1,1.0819793880779518
B0045,2,0.927952404748273
B0045,3,0.885193608411576
B0045,4,0.8581010699478283
B0045,5,0.8409352213456689
B0045,6,0.8245471942901911
B0045,7,0.7935960418803983
B0045,8,0.8183676087159205
B0045,9,0.7977644276409412
B0045,10,0.7993777411831636
B0045,11,0.7783107440628891
B0045,12,0.7803738231239117
B0045,13,0.7713058245640294
B0045,14,0.795279016979026
B0045,15,0.7824128169919247
B0045,16,0.7649414992231182
B0045,17,0.7544899426779375
B0045,18,0.7504048978314295
B0045,19,0.7407258109620256
B0045,20,0.7308525593793626
B0045,21,0.7287255851177903
B0045,22,0.7161023377036263
B0045,23,0.7129204834988017
B0045,24,0.7141991829499618
B0045,25,0.7190570819844222
B0045,26,0.7173975428775917
B0045,27,0.7071027496463946
B0045,28,0.703531206505542
B0045,29,0.6941108278958862
B0045,30,0.6914114388869608
B0045,31,0.6971551798505504
B0045,32,0.6832460217432723
B0045,33,0.6822029317493292
B0045,34,0.7289529213213379
B0045,35,0.7139321758287004
B0045,36,0.6957731747455482
B0045,37,0.7018312962317095
B0045,38,0.6911808244378487
B0045,39,0.6843279752855028
B0045,40,0.6741394908812485
B0045,41,0.6670070174301739
B0045,42,0.6804085117374855
B0045,43,0.6617864063235485
B0045,44,0.6623168733492338
B0045,45,0.6679358357181778
B0045,46,0.6488990885270688
B0045,47,0.6503639129625527
B0045,48,0.6572077690202801
B0045,49,0.6363517458476216
B0045,50,0.6536449360948587
B0045,51,0.6391428272150887
B0045,52,0.6482206049496236
B0045,53,0.6287957471922729
B0045,54,0.6380571850193401
B0045,55,0.6554825047832906
B0045,56,0.6484934835397033
B0045,57,0.6454071687844921
B0045,58,0.6427008031845645
B0045,59,0.6352454880802477
B0045,60,0.6156760019587869
B0045,61,0.6170833682807023
B0045,62,0.6434227390858672
B0045,63,0.6278124433742752
B0045,64,0.6290078315253372
B0045,65,0.6266355568292261
B0045,66,0.6495813516716594
B0045,67,0.6337485177966306
B0045,68,0.6298550929085645
B0045,69,0.6183063778386736
B0045,70,0.6069476168507777
B0046,1,1.7282392323598248
B0046,2,1.5161488467923143
B0046,3,1.503121190703977
B0046,4,1.48586566102824
B0046,5,1.4694562316392716
B0046,6,1.4589554592644807
B0046,7,1.4556853555098295
B0046,8,1.456232262380321
B0046,9,1.4440592236675138
B0046,10,1.428294264765868
B0046,11,1.4199848948034668
B0046,12,1.4043226018516568
B0046,13,1.4234351301615986
B0046,14,1.4339948857967295
B0046,15,1.4185177047756572
B0046,16,1.4056313337829422
B0046,17,1.3890214025155618
B0046,18,1.3723339082737365
B0046,19,1.3615778905990565
B0046,20,1.4100282016237429
B0046,21,1.3395671374926488
B0046,22,1.3291515487117478
B0046,23,1.3181687033905718
B0046,24,1.312423708466101
B0046,25,1.2993237532162487
B0046,26,1.2877483042174591
B0046,27,1.2865282739749122
B0046,28,1.2719636386987183
B0046,29,1.2714495345417192
B0046,30,1.2615423884659074
B0046,31,1.2421201619204132
B0046,32,1.2402537441669796
B0046,33,1.2851130012242886
B0046,34,1.3043327841699193
B0046,35,1.2778639041619957
B0046,36,1.2723464591651539
B0046,37,1.2477883952768762
B0046,38,1.2352499196655526
B0046,39,1.229251291851949
B0046,40,1.223890910501634
B0046,41,1.205423323571373
B0046,42,1.1957824090008151
B0046,43,1.1900729496698461
B0046,44,1.179201763233652
B0046,45,1.169504032514554
B0046,46,1.16772376849918
B0046,47,1.1579256145829042
B0046,48,1.1499812813376982
B0046,49,1.150285902223034
B0046,50,1.1349452274085248
B0046,51,1.1380960963513609
B0046,52,1.123711172150547
B0046,53,1.214119211354098
B0046,54,1.211944797522819
B0046,55,1.1971248679331923
B0046,56,1.1822892151870987
B0046,57,1.1645336676778397
B0046,58,1.1535559567518647
B0046,59,1.1601987101282065
B0046,60,1.1711716308206082
B0046,61,1.1563410270783216
B0046,62,1.141082456193516
B0046,63,1.1352383596118123
B0046,64,1.2530847858282803
B0046,65,1.2050453590356518
B0046,66,1.19119860196273
B0046,67,1.17463817374538
B0046,68,1.1555432048235512
B0046,69,1.1538041170229467
B0047,1,1.6743047446975208
B0047,2,1.5243662105099023
B0047,3,1.5080762969973425
B0047,4,1.4835577960067696
B0047,5,1.4671391666146525
B0047,6,1.448858156982267
B0047,7,1.4458534180949325
B0047,8,1.431118266178283
B0047,9,1.4192745516578533
B0047,10,1.3999974221808271
B0047,11,1.3885156686114437
B0047,12,1.3652234669528964
B0047,13,1.4060442272970963
B0047,14,1.4057541613525781
B0047,15,1.3867662881727878
B0047,16,1.3705053061420223
B0047,17,1.3497431114823601
B0047,18,1.3251533367939783
B0047,19,1.3111943869635805
B0047,20,1.3394234405932892
B0047,21,1.2849157142560723
B0047,22,1.281719159327807
B0047,23,1.2600051642942829
B0047,24,1.266070385993126
B0047,25,1.2413590294280803
B0047,26,1.2298873703485311
B0047,27,1.228088614506696
B0047,28,1.2139857189070042
B0047,29,1.2173435064564189
B0047,30,1.2073445944515917
B0047,31,1.18804049227045
B0047,32,1.186304749886542
B0047,33,1.2613935471028506
B0047,34,1.2648246158850653
B0047,35,1.2466494548982199
B0047,36,1.2333924152795082
B0047,37,1.2129250072037692
B0047,38,1.1999106597943647
B0047,39,1.1902559038393383
B0047,40,1.1892563795455853
B0047,41,1.167069685125939
B0047,42,1.1615348403090369
B0047,43,1.1555563844349988
B0047,44,1.1488524666097713
B0047,45,1.143572986788779
B0047,46,1.1418015379428537
B0047,47,1.136058647502255
B0047,48,1.1236364680969286
B0047,49,1.1320498900328944
B0047,50,1.1170101762158153
B0047,51,1.120043039721982
B0047,52,1.1059773445917063
B0047,53,1.1907902374762016
B0047,54,1.2012387088454022
B0047,55,1.1906909549024802
B0047,56,1.1764375730308343
B0047,57,1.1628110372792353
B0047,58,1.1516152840582585
B0047,59,1.1583673498348623
B0047,60,1.1692285288386206
B0047,61,1.1588148476218465
B0047,62,1.1439588147705457
B0047,63,1.1383941068159398
B0047,64,1.2213102850395667
B0047,65,1.2031062978889062
B0047,66,1.1897147112197684
B0047,67,1.177422568842014
B0047,68,1.158443027293818
B0047,69,1.1567087516841796
B0048,1,1.6579955793677608
B0048,2,1.5076933476098775
B0048,3,1.4989223343608031
B0048,4,1.4782919502497789
B0048,5,1.461856891390611
B0048,6,1.4509592706473475
B0048,7,1.451746997147108
B0048,8,1.444392866287476
B0048,9,1.432738323965376
B0048,10,1.417241201438662
B0048,11,1.4057559944573452
B0048,12,1.3902706269897063
B0048,13,1.4196659307880326
B0048,14,1.4190563985232272
B0048,15,1.404272356704056
B0048,16,1.3916140490958342
B0048,17,1.3749618350294734
B0048,18,1.3545155713071164
B0048,19,1.3440223073315984
B0048,20,1.372384475860572
B0048,21,1.3184105752674413
B0048,22,1.3112727599578604
B0048,23,1.2970172419001187
B0048,24,1.2995219526631718
B0048,25,1.2826154066729571
B0048,26,1.2752890152407
B0048,27,1.2735572473264072
B0048,28,1.2594114333938535
B0048,29,1.2631632585495876
B0048,30,1.2491717310136363
B0048,31,1.233984347835307
B0048,32,1.240031992028868
B0048,33,1.30370857198071
B0048,34,1.315055963470538
B0048,35,1.2888738300982074
B0048,36,1.2877137595885193
B0048,37,1.2673379985315463
B0048,38,1.250594345697306
B0048,39,1.2487131179395878
B0048,40,1.248002326082933
B0048,41,1.2300895244599586
B0048,42,1.2244197121500935
B0048,43,1.2186682845116386
B0048,44,1.2037865236033616
B0048,45,1.1947642300832226
B0048,46,1.2052091893871497
B0048,47,1.1955746593628465
B0048,48,1.1888497102149884
B0048,49,1.1915605250807406
B0048,50,1.1726587153109655
B0048,51,1.1841133872494156
B0048,52,1.1576825122317769
B0048,53,1.259355851168598
B0048,54,1.265883375278026
B0048,55,1.2472598673184119
B0048,56,1.232808747256218
B0048,57,1.2319592783041904
B0048,58,1.220785786262778
B0048,59,1.2275441303266783
B0048,60,1.2386788414290355
B0048,61,1.2283577755407058
B0048,62,1.2095481507570451
B0048,63,1.2082142070681048
B0048,64,1.2998734542832147
B0048,65,1.2691220651743778
B0048,66,1.2555144634690785
B0048,67,1.2519876926897657
B0048,68,1.2374982003019996
B0048,69,1.2231273969878986
B0049,1,0.8583727215167135
B0049,2,1.4209057149417375
B0049,3,1.372852133389263
B0049,4,1.3643742487429145
B0049,5,2.378643730568756
B0049,6,1.0605357965671216
B0049,7,1.0069932376659496
B0049,8,0.9298775334359536
B0049,9,0.9232377029483808
B0049,10,0.9053279121173716
B0049,11,0.8595848360639872
B0049,12,0.8369614294820705
B0049,13,0.8456824187653132
B0049,14,0.8071214007577537
B0049,15,0.7820744360746734
B0049,16,0.7953019444133349
B0049,17,0.7752051154719997
B0049,18,0.7711865903845158
B0049,19,0.7585098914517947
B0049,20,0.7349386490499009
B0049,21,0.7366758033690756
B0049,22,0.7093946599203638
B0049,23,0.7186465009220309
B0049,24,0.6913885231046639
B0050,1,0.8631448527758341
B0050,2,1.648789607776492
B0050,3,1.601636485397804
B0050,4,1.5517564797427017
B0050,5,0.03255841710834194
B0050,6,2.6401491157387014
B0050,7,1.359027658891632
B0050,8,1.3742172692238257
B0050,9,1.3528030430821978
B0050,10,1.3607406193458433
B0050,11,0.5268786924650971
B0050,12,1.4002714246164416
B0050,13,1.4289274755270827
B0050,14,0.07658354174014805
B0050,15,0.5736933387569048
B0050,16,0.3014742035427856
B0050,17,0.17956542632321462
B0050,18,1.179168781562907
B0050,19,0.0961913170505672
B0050,20,0.27808517709104497
B0051,1,0.6434735598158292
B0051,2,1.2931804619982779
B0051,3,1.2288940261191657
B0051,4,1.2039031789717949
B0051,5,2.330873478782131
B0051,6,1.0092808819126011
B0051,7,0.9565659895125322
B0051,8,0.901956291365404
B0051,9,0.8897906666138162
B0051,10,0.8830717036634559
B0051,11,0.8431270354481757
B0051,12,0.826559103449663
B0051,13,0.8352681546837963
B0051,14,0.8025719464987874
B0051,15,0.7839218784699513
B0051,16,0.7910763493036002
B0051,17,0.7654538269480236
B0051,18,0.773177347633947
B0051,19,0.7605293776416485
B0051,20,0.7376430319247004
B0051,21,0.739179500257907
B0051,22,0.7014575429842594
B0051,23,0.7047349480541781
B0051,24,0.677848893570423
B0052,1,0.8606591508342232
B0052,2,1.4183095114360322
B0052,3,1.3707123028693164
B0052,4,1.3515647352626494
B0053,1,1.0691417886194299
B0053,2,1.1540727934432229
B0053,3,1.1501525413826983
B0053,4,1.1305863853936766
B0053,5,1.121790272357562
B0053,6,1.1135982401443856
B0053,7,1.0864654057095062
B0053,8,1.0647493568993147
B0053,9,1.0809288094959644
B0053,10,1.0852752041846463
B0053,11,1.0504799933740894
B0053,12,1.0853550177054305
B0053,13,1.0508395690790722
B0053,14,1.060906788333118
B0053,15,1.070582461063814
B0053,16,1.024036665663697
B0053,17,1.0670957253433857
B0053,18,1.0279237850447498
B0053,19,1.0325426399701008
B0053,20,1.055948784653705
B0053,21,1.0445313831308718
B0053,22,1.035313906812183
B0053,23,1.076341053101982
B0053,24,1.0352223140423542
B0053,25,1.0514287056908256
B0053,26,1.060332934638968
B0053,27,1.0236966462748538
B0053,28,1.0465884668750887
B0053,29,1.0031121684812232
B0053,30,1.0461578935615607
B0053,31,1.0156263513525605
B0053,32,1.0250054893129452
B0053,33,0.9801331625592913
B0053,34,1.036777776420363
B0053,35,1.026830062058722
B0053,36,1.0150379662805102
B0053,37,0.9904614739486177
B0053,38,1.0145765174582757
B0053,39,0.9811308944080389
B0053,40,1.0041687429386437
B0053,41,1.007820487960787
B0053,42,0.982454133084564
B0053,43,1.1096775355538027
B0053,44,1.1136801589914762
B0053,45,1.0385009100572404
B0053,46,1.0768815902180078
B0053,47,1.0721705505837382
B0053,48,1.0124588999851116
B0053,49,1.0279944857549583
B0053,50,1.0304147279049998
B0053,51,1.0556163273995052
B0053,52,1.0011115418162628
B0053,53,1.0466839215498662
B0053,54,1.047181656018543
B0053,55,1.0102740078425778
B0054,1,0.7399351039859233
B0054,2,1.1665440238116096
B0054,3,1.1052521456138635
B0054,4,1.0960302257185877
B0054,5,1.0754450685609742
B0054,6,1.0655493528023796
B0054,7,1.0568368579972396
B0054,8,1.0449064445364842
B0054,9,1.0458363976936966
B0054,10,1.018187920878015
B0054,11,1.0226409233672233
B0054,12,1.03890961861509
B0054,13,1.0173250354350074
B0054,14,1.033183911994548
B0054,15,1.0095232119739597
B0054,16,0.9862483259626477
B0054,17,1.0080048320000436
B0054,18,1.0153387761254196
B0054,19,1.0106786853355956
B0054,20,1.010409656585336
B0054,21,0.9801433323963482
B0054,22,1.1016641723624385
B0054,23,1.0826512239001271
B0054,24,1.0575008387868343
B0054,25,1.0385517331615322
B0054,26,1.0073294901291132
B0054,27,1.0160400308540347
B0054,28,1.0158319636440951
B0054,29,1.0015383803216271
B0054,30,0.9812488615918239
B0054,31,0.9987416030110134
B0054,32,0.9584014230949642
B0054,33,0.9800846133894623
B0054,34,0.9720372198962766
B0054,35,0.9693202807518411
B0054,36,0.9479786388506265
B0054,37,0.9638519569071228
B0054,38,0.9682336695484697
B0054,39,0.9407020864603765
B0054,40,0.9618442077038963
B0054,41,0.9332340144199703
B0054,42,0.9313454737145217
B0054,43,0.9976429099116705
B0054,44,0.9833315262972037
B0054,45,0.9904370062777442
B0054,46,0.9499871340436294
B0054,47,0.9526027840900876
B0054,48,0.8850175175465715
B0054,49,0.9937402750241768
B0054,50,0.995507330519279
B0054,51,0.975407870968116
B0054,52,0.965960558373922
B0054,53,0.9573702621688754
B0054,54,0.9294756591964932
B0054,55,0.9323553879823946
B0054,56,0.954568378404969
B0054,57,0.9330242104372937
B0054,58,0.923294184000959
B0054,59,0.9257799164262976
B0054,60,0.9162765793280084
B0054,61,0.9387011679112469
B0054,62,0.9158990586877171
B0054,63,0.9202608990433788
B0054,64,0.9111253917360889
B0054,65,0.8980507043695345
B0054,66,0.9278864624016372
B0054,67,0.9118415396987224
B0054,68,0.8936491649329469
B0054,69,0.9100864492604255
B0054,70,0.9114904731460941
B0054,71,0.9337172811638196
B0054,72,0.8981517756068776
B0054,73,0.9139367135371254
B0054,74,0.8764848617154279
B0054,75,0.8854917958581964
B0054,76,0.8819074622846708
B0054,77,0.9045809105944795
B0054,78,0.8734606349455996
B0054,79,0.903131190986828
B0054,80,0.8712217754060124
B0054,81,0.8936499043476617
B0054,82,0.8835064014687892
B0054,83,0.8779403705367915
B0054,84,0.8599389109365094
B0054,85,0.8697358119609565
B0054,86,0.8638271814812677
B0054,87,0.8865694537789144
B0054,88,0.8690078572313327
B0054,89,0.8474446088377652
B0054,90,0.8799727721580702
B0054,91,0.9110444582768508
B0054,92,0.9121724293355059
B0054,93,0.8872043975884799
B0054,94,0.8961236767959215
B0054,95,0.8851334001128452
B0054,96,0.8793386645436118
B0054,97,0.8461224238450626
B0054,98,0.8705933152969343
B0054,99,0.8440520909609104
B0054,100,0.8536244678403578
B0054,101,0.8524519337958137
B0054,102,0.8373919001793014
B0055,1,0.7989997927037011
B0055,2,1.319892156462878
B0055,3,1.2769832801132017
B0055,4,1.2572591312230865
B0055,5,1.206763751299412
B0055,6,1.2077322536103197
B0055,7,1.2009614290093835
B0055,8,1.189059086549973
B0055,9,1.169708782604433
B0055,10,1.1483647194613424
B0055,11,1.1527726060972296
B0055,12,1.1318370471727228
B0055,13,1.1326525803383347
B0055,14,1.1160565716574584
B0055,15,1.0984641825068853
B0055,16,1.0925694103096681
B0055,17,1.109167680712031
B0055,18,1.1075035028905713
B0055,19,1.106751675424531
B0055,20,1.0726694124582825
B0055,21,1.0776844021506693
B0055,22,1.1981714734535907
B0055,23,1.1625381552680927
B0055,24,1.1556827465844224
B0055,25,1.137444098422356
B0055,26,1.1126375352125493
B0055,27,1.098656067845981
B0055,28,1.0985302758884639
B0055,29,1.1029370400968537
B0055,30,1.0949644922735318
B0055,31,1.0890679714830998
B0055,32,1.073323391636053
B0055,33,1.095373856745309
B0055,34,1.0639517466243125
B0055,35,1.085798072407703
B0055,36,1.0588748965507557
B0055,37,1.0813260035191288
B0055,38,1.061601862588323
B0055,39,1.0593920670581127
B0055,40,1.0742513141424725
B0055,41,1.0405614734131499
B0055,42,1.0575656535324895
B0055,43,1.0983528970914622
B0055,44,1.109758993739737
B0055,45,1.0793315779206873
B0055,46,1.0716159094756148
B0055,47,1.0746464211019797
B0055,48,1.08643683065179
B0055,49,1.1340138347387958
B0055,50,1.1176964717951587
B0055,51,1.1046468529644289
B0055,52,1.089700148407426
B0055,53,1.075533547538172
B0055,54,1.0609866776144368
B0055,55,1.0518218041615568
B0055,56,1.0553857898132757
B0055,57,1.0533102333691788
B0055,58,1.0315365260084348
B0055,59,1.0533401053259415
B0055,60,1.0317876798810788
B0055,61,1.0354207912157296
B0055,62,1.0322251791310608
B0055,63,1.011543397303472
B0055,64,1.0413760568150228
B0055,65,1.02174193386881
B0055,66,1.0133135547969283
B0055,67,1.0299942559626907
B0055,68,1.0189349807814327
B0055,69,1.0290879520854017
B0055,70,1.0567629241900045
B0055,71,1.0291668536316647
B0055,72,1.0321298444901021
B0055,73,1.0409230283951276
B0055,74,1.011161098766987
B0055,75,1.0337876112911784
B0055,76,1.003994224020383
B0055,77,1.0334195479955004
B0055,78,1.0098936564116459
B0055,79,1.0126262447940628
B0055,80,0.9948742055727694
B0055,81,1.0240799556179332
B0055,82,1.0208889510043027
B0055,83,1.016100815944114
B0055,84,0.9987875345106277
B0055,85,1.0158868294923784
B0055,86,0.9963437517762594
B0055,87,1.0053777381419529
B0055,88,1.009132291002791
B0055,89,0.9984581240784203
B0055,90,1.0892389324114138
B0055,91,1.0793936031703524
B0055,92,1.032614295314224
B0055,93,1.0498572649026638
B0055,94,1.0453902697248563
B0055,95,1.0001607736713514
B0055,96,1.0084094786878157
B0055,97,1.003655158082039
B0055,98,1.0285269676595319
B0055,99,0.9816844358987022
B0055,100,1.0127121434171131
B0055,101,1.0201379996149256
B0055,102,0.9907591663373165
B0056,1,0.7852781208785192
B0056,2,1.3443555553017368
B0056,3,1.317502710734752
B0056,4,1.2973654679476911
B0056,5,1.263960414854898
B0056,6,1.2589496187032136
B0056,7,1.2806197690202599
B0056,8,1.2572786868607095
B0056,9,1.2226260041048898
B0056,10,1.2292772249257495
B0056,11,1.2275780135689456
B0056,12,1.2133872888296768
B0056,13,1.230223614493081
B0056,14,1.1927530108462678
B0056,15,1.1867106635987799
B0056,16,1.1914875140242167
B0056,17,1.214178606017816
B0056,18,1.2094387558721402
B0056,19,1.207072299940321
B0056,20,1.162961249391913
B0056,21,1.17887968705904
B0056,22,1.2945104146044433
B0056,23,1.2602567563003473
B0056,24,1.2408721291565108
B0056,25,1.252197340273113
B0056,26,1.2279025700477384
B0056,27,1.1917170308946994
B0056,28,1.1858570240011006
B0056,29,1.1840938286611427
B0056,30,1.2059829135917657
B0056,31,1.165428493679393
B0056,32,1.1790060613193858
B0056,33,1.2013113747183153
B0056,34,1.165597803317432
B0056,35,1.180303335055002
B0056,36,1.1658134189695046
B0056,37,1.1763960515773761
B0056,38,1.1458325512940766
B0056,39,1.167557759980296
B0056,40,1.145636654711916
B0056,41,1.1443667002824445
B0056,42,1.1605177686388095
B0056,43,1.2272013042602479
B0056,44,1.2454797202045476
B0056,45,1.1722288849037228
B0056,46,1.1953514999944956
B0056,47,1.1919514716203925
B0056,48,1.2296223665252586
B0056,49,1.2774519419396988
B0056,50,1.2433879751668584
B0056,51,1.230802542912592
B0056,52,1.2162358534094664
B0056,53,1.2088335726499548
B0056,54,1.1946181162240357
B0056,55,1.1734248134794991
B0056,56,1.1404596305913128
B0056,57,1.1821716406845988
B0056,58,1.1480663382055174
B0056,59,1.1825381935034152
B0056,60,1.1552092862846601
B0056,61,1.1216816712671696
B0056,62,1.162666262561457
B0056,63,1.124695615744926
B0056,64,1.1664177948797931
B0056,65,1.1346745156379465
B0056,66,1.1012231317092755
B0056,67,1.1560733948472832
B0056,68,1.1385609898764002
B0056,69,1.1757265448773706
B0056,70,1.1969385632452556
B0056,71,1.1267457988726266
B0056,72,1.1601031368559531
B0056,73,1.1361458729690275
B0056,74,1.1397253894261876
B0056,75,1.1560010024767575
B0056,76,1.126818619026835
B0056,77,1.116688355680394
B0056,78,1.1330613197666846
B0056,79,1.0893839897995972
B0056,80,1.1120836459259367
B0056,81,1.1279950254648337
B0056,82,1.1386774565024178
B0056,83,1.1271136962200643
B0056,84,1.1101508869653747
B0056,85,1.1344632260422465
B0056,86,1.108458756302863
B0056,87,1.0768220870214844
B0056,88,1.128398212919817
B0056,89,1.1066350346531368
B0056,90,1.271609072217319
B0056,91,1.2415767175377967
B0056,92,1.174652904422814
B0056,93,1.1989389885187762
B0056,94,1.1461398965188563
B0056,95,1.129224378671885
B0056,96,1.1103432888019913
B0056,97,1.153909472897475
B0056,98,1.1302191455340138
B0056,99,1.1258719408034097
B0056,100,1.1430108283920968
B0056,101,1.1372731775310292
B0056,102,1.1290590137779504
